#CAMI Format for Binning
@Version:0.9.0
@SampleID:gsa
@@SEQUENCEID	BINID
RL|S1|C14362	output/vamb_depth/bins/10070.fna
RL|S1|C9940	output/vamb_depth/bins/10107.fna
RL|S1|C10930	output/vamb_depth/bins/10185.fna
RL|S1|C17456	output/vamb_depth/bins/10410.fna
RL|S1|C9895	output/vamb_depth/bins/106.fna
RL|S1|C7922	output/vamb_depth/bins/106.fna
RL|S1|C15571	output/vamb_depth/bins/106.fna
RL|S1|C15452	output/vamb_depth/bins/106.fna
RL|S1|C17860	output/vamb_depth/bins/106.fna
RL|S1|C5546	output/vamb_depth/bins/106.fna
RL|S1|C121	output/vamb_depth/bins/106.fna
RL|S1|C12353	output/vamb_depth/bins/106.fna
RL|S1|C9894	output/vamb_depth/bins/106.fna
RL|S1|C6795	output/vamb_depth/bins/106.fna
RL|S1|C17259	output/vamb_depth/bins/106.fna
RL|S1|C16258	output/vamb_depth/bins/106.fna
RL|S1|C17561	output/vamb_depth/bins/106.fna
RL|S1|C1907	output/vamb_depth/bins/106.fna
RL|S1|C16018	output/vamb_depth/bins/106.fna
RL|S1|C9766	output/vamb_depth/bins/106.fna
RL|S1|C12837	output/vamb_depth/bins/106.fna
RL|S1|C694	output/vamb_depth/bins/106.fna
RL|S1|C5197	output/vamb_depth/bins/106.fna
RL|S1|C5872	output/vamb_depth/bins/106.fna
RL|S1|C562	output/vamb_depth/bins/106.fna
RL|S1|C17415	output/vamb_depth/bins/106.fna
RL|S1|C703	output/vamb_depth/bins/106.fna
RL|S1|C18843	output/vamb_depth/bins/106.fna
RL|S1|C9330	output/vamb_depth/bins/106.fna
RL|S1|C13983	output/vamb_depth/bins/106.fna
RL|S1|C1409	output/vamb_depth/bins/106.fna
RL|S1|C8157	output/vamb_depth/bins/106.fna
RL|S1|C2330	output/vamb_depth/bins/106.fna
RL|S1|C11887	output/vamb_depth/bins/106.fna
RL|S1|C6546	output/vamb_depth/bins/106.fna
RL|S1|C15447	output/vamb_depth/bins/106.fna
RL|S1|C5748	output/vamb_depth/bins/106.fna
RL|S1|C795	output/vamb_depth/bins/106.fna
RL|S1|C15261	output/vamb_depth/bins/106.fna
RL|S1|C5208	output/vamb_depth/bins/106.fna
RL|S1|C6822	output/vamb_depth/bins/106.fna
RL|S1|C19174	output/vamb_depth/bins/106.fna
RL|S1|C9023	output/vamb_depth/bins/106.fna
RL|S1|C18700	output/vamb_depth/bins/106.fna
RL|S1|C4585	output/vamb_depth/bins/106.fna
RL|S1|C16820	output/vamb_depth/bins/106.fna
RL|S1|C9819	output/vamb_depth/bins/106.fna
RL|S1|C16110	output/vamb_depth/bins/106.fna
RL|S1|C2422	output/vamb_depth/bins/106.fna
RL|S1|C19312	output/vamb_depth/bins/106.fna
RL|S1|C11385	output/vamb_depth/bins/106.fna
RL|S1|C13458	output/vamb_depth/bins/106.fna
RL|S1|C8670	output/vamb_depth/bins/106.fna
RL|S1|C1152	output/vamb_depth/bins/106.fna
RL|S1|C7046	output/vamb_depth/bins/106.fna
RL|S1|C8453	output/vamb_depth/bins/106.fna
RL|S1|C16360	output/vamb_depth/bins/106.fna
RL|S1|C660	output/vamb_depth/bins/106.fna
RL|S1|C3281	output/vamb_depth/bins/106.fna
RL|S1|C1242	output/vamb_depth/bins/106.fna
RL|S1|C8943	output/vamb_depth/bins/106.fna
RL|S1|C14455	output/vamb_depth/bins/106.fna
RL|S1|C8160	output/vamb_depth/bins/106.fna
RL|S1|C4153	output/vamb_depth/bins/106.fna
RL|S1|C199	output/vamb_depth/bins/106.fna
RL|S1|C3775	output/vamb_depth/bins/106.fna
RL|S1|C5229	output/vamb_depth/bins/106.fna
RL|S1|C3003	output/vamb_depth/bins/106.fna
RL|S1|C4285	output/vamb_depth/bins/106.fna
RL|S1|C2894	output/vamb_depth/bins/106.fna
RL|S1|C12115	output/vamb_depth/bins/106.fna
RL|S1|C16440	output/vamb_depth/bins/106.fna
RL|S1|C4906	output/vamb_depth/bins/106.fna
RL|S1|C16354	output/vamb_depth/bins/106.fna
RL|S1|C4512	output/vamb_depth/bins/106.fna
RL|S1|C8477	output/vamb_depth/bins/106.fna
RL|S1|C16410	output/vamb_depth/bins/106.fna
RL|S1|C7652	output/vamb_depth/bins/10613.fna
RL|S1|C11813	output/vamb_depth/bins/10617.fna
RL|S1|C925	output/vamb_depth/bins/10733.fna
RL|S1|C1059	output/vamb_depth/bins/11029.fna
RL|S1|C10722	output/vamb_depth/bins/11032.fna
RL|S1|C782	output/vamb_depth/bins/11193.fna
RL|S1|C16578	output/vamb_depth/bins/11233.fna
RL|S1|C12834	output/vamb_depth/bins/11284.fna
RL|S1|C4440	output/vamb_depth/bins/11858.fna
RL|S1|C6264	output/vamb_depth/bins/11954.fna
RL|S1|C17161	output/vamb_depth/bins/12017.fna
RL|S1|C16956	output/vamb_depth/bins/12077.fna
RL|S1|C6401	output/vamb_depth/bins/12094.fna
RL|S1|C8054	output/vamb_depth/bins/12150.fna
RL|S1|C771	output/vamb_depth/bins/12170.fna
RL|S1|C13831	output/vamb_depth/bins/12385.fna
RL|S1|C13144	output/vamb_depth/bins/12646.fna
RL|S1|C14343	output/vamb_depth/bins/1267.fna
RL|S1|C590	output/vamb_depth/bins/1267.fna
RL|S1|C16684	output/vamb_depth/bins/1267.fna
RL|S1|C16304	output/vamb_depth/bins/1267.fna
RL|S1|C13172	output/vamb_depth/bins/1267.fna
RL|S1|C14718	output/vamb_depth/bins/1267.fna
RL|S1|C5225	output/vamb_depth/bins/1267.fna
RL|S1|C16232	output/vamb_depth/bins/1267.fna
RL|S1|C2269	output/vamb_depth/bins/1267.fna
RL|S1|C11407	output/vamb_depth/bins/1267.fna
RL|S1|C14780	output/vamb_depth/bins/1267.fna
RL|S1|C3568	output/vamb_depth/bins/1267.fna
RL|S1|C14920	output/vamb_depth/bins/1267.fna
RL|S1|C6851	output/vamb_depth/bins/1267.fna
RL|S1|C18422	output/vamb_depth/bins/1267.fna
RL|S1|C465	output/vamb_depth/bins/1267.fna
RL|S1|C18552	output/vamb_depth/bins/1267.fna
RL|S1|C19138	output/vamb_depth/bins/1267.fna
RL|S1|C18179	output/vamb_depth/bins/1267.fna
RL|S1|C1256	output/vamb_depth/bins/1267.fna
RL|S1|C17045	output/vamb_depth/bins/1267.fna
RL|S1|C3842	output/vamb_depth/bins/1267.fna
RL|S1|C4008	output/vamb_depth/bins/1267.fna
RL|S1|C16943	output/vamb_depth/bins/1267.fna
RL|S1|C11976	output/vamb_depth/bins/1267.fna
RL|S1|C18674	output/vamb_depth/bins/1267.fna
RL|S1|C618	output/vamb_depth/bins/1267.fna
RL|S1|C15576	output/vamb_depth/bins/1267.fna
RL|S1|C6177	output/vamb_depth/bins/1267.fna
RL|S1|C12808	output/vamb_depth/bins/1267.fna
RL|S1|C13738	output/vamb_depth/bins/1267.fna
RL|S1|C11590	output/vamb_depth/bins/1267.fna
RL|S1|C13862	output/vamb_depth/bins/1267.fna
RL|S1|C3797	output/vamb_depth/bins/1267.fna
RL|S1|C106	output/vamb_depth/bins/1267.fna
RL|S1|C235	output/vamb_depth/bins/1267.fna
RL|S1|C13231	output/vamb_depth/bins/1267.fna
RL|S1|C5534	output/vamb_depth/bins/1267.fna
RL|S1|C10122	output/vamb_depth/bins/1267.fna
RL|S1|C4616	output/vamb_depth/bins/1267.fna
RL|S1|C6168	output/vamb_depth/bins/1267.fna
RL|S1|C16371	output/vamb_depth/bins/1267.fna
RL|S1|C8957	output/vamb_depth/bins/1267.fna
RL|S1|C8611	output/vamb_depth/bins/1267.fna
RL|S1|C18580	output/vamb_depth/bins/1267.fna
RL|S1|C14402	output/vamb_depth/bins/1267.fna
RL|S1|C10213	output/vamb_depth/bins/1267.fna
RL|S1|C13149	output/vamb_depth/bins/1267.fna
RL|S1|C14116	output/vamb_depth/bins/1267.fna
RL|S1|C15247	output/vamb_depth/bins/1267.fna
RL|S1|C9307	output/vamb_depth/bins/1267.fna
RL|S1|C10732	output/vamb_depth/bins/1267.fna
RL|S1|C18675	output/vamb_depth/bins/1267.fna
RL|S1|C17992	output/vamb_depth/bins/1267.fna
RL|S1|C8571	output/vamb_depth/bins/1267.fna
RL|S1|C8384	output/vamb_depth/bins/1267.fna
RL|S1|C9479	output/vamb_depth/bins/1267.fna
RL|S1|C11928	output/vamb_depth/bins/1267.fna
RL|S1|C2401	output/vamb_depth/bins/1267.fna
RL|S1|C2541	output/vamb_depth/bins/1267.fna
RL|S1|C2726	output/vamb_depth/bins/1267.fna
RL|S1|C4439	output/vamb_depth/bins/1267.fna
RL|S1|C15757	output/vamb_depth/bins/1267.fna
RL|S1|C13978	output/vamb_depth/bins/1267.fna
RL|S1|C9498	output/vamb_depth/bins/1267.fna
RL|S1|C12645	output/vamb_depth/bins/1267.fna
RL|S1|C3767	output/vamb_depth/bins/1267.fna
RL|S1|C14465	output/vamb_depth/bins/1267.fna
RL|S1|C12201	output/vamb_depth/bins/1267.fna
RL|S1|C7011	output/vamb_depth/bins/1267.fna
RL|S1|C11958	output/vamb_depth/bins/1267.fna
RL|S1|C15607	output/vamb_depth/bins/1267.fna
RL|S1|C12588	output/vamb_depth/bins/1267.fna
RL|S1|C1806	output/vamb_depth/bins/1267.fna
RL|S1|C9624	output/vamb_depth/bins/1267.fna
RL|S1|C3234	output/vamb_depth/bins/1267.fna
RL|S1|C3029	output/vamb_depth/bins/1267.fna
RL|S1|C9038	output/vamb_depth/bins/1267.fna
RL|S1|C13187	output/vamb_depth/bins/1267.fna
RL|S1|C17976	output/vamb_depth/bins/1267.fna
RL|S1|C6643	output/vamb_depth/bins/1267.fna
RL|S1|C18092	output/vamb_depth/bins/1267.fna
RL|S1|C400	output/vamb_depth/bins/1267.fna
RL|S1|C10964	output/vamb_depth/bins/1267.fna
RL|S1|C11469	output/vamb_depth/bins/1267.fna
RL|S1|C13787	output/vamb_depth/bins/1267.fna
RL|S1|C7661	output/vamb_depth/bins/1267.fna
RL|S1|C14018	output/vamb_depth/bins/1267.fna
RL|S1|C19062	output/vamb_depth/bins/1267.fna
RL|S1|C19487	output/vamb_depth/bins/1267.fna
RL|S1|C12417	output/vamb_depth/bins/1267.fna
RL|S1|C2265	output/vamb_depth/bins/1267.fna
RL|S1|C15207	output/vamb_depth/bins/1267.fna
RL|S1|C16728	output/vamb_depth/bins/1267.fna
RL|S1|C9110	output/vamb_depth/bins/1267.fna
RL|S1|C7991	output/vamb_depth/bins/1267.fna
RL|S1|C17912	output/vamb_depth/bins/1267.fna
RL|S1|C10242	output/vamb_depth/bins/1267.fna
RL|S1|C19028	output/vamb_depth/bins/1267.fna
RL|S1|C5450	output/vamb_depth/bins/1267.fna
RL|S1|C9834	output/vamb_depth/bins/1267.fna
RL|S1|C17783	output/vamb_depth/bins/1267.fna
RL|S1|C16393	output/vamb_depth/bins/1267.fna
RL|S1|C14907	output/vamb_depth/bins/1267.fna
RL|S1|C17630	output/vamb_depth/bins/1267.fna
RL|S1|C11870	output/vamb_depth/bins/1267.fna
RL|S1|C1548	output/vamb_depth/bins/1267.fna
RL|S1|C2918	output/vamb_depth/bins/1267.fna
RL|S1|C18610	output/vamb_depth/bins/1267.fna
RL|S1|C6550	output/vamb_depth/bins/1267.fna
RL|S1|C18279	output/vamb_depth/bins/1267.fna
RL|S1|C9932	output/vamb_depth/bins/1267.fna
RL|S1|C1648	output/vamb_depth/bins/1267.fna
RL|S1|C13942	output/vamb_depth/bins/1267.fna
RL|S1|C3477	output/vamb_depth/bins/1267.fna
RL|S1|C3616	output/vamb_depth/bins/1267.fna
RL|S1|C5709	output/vamb_depth/bins/1267.fna
RL|S1|C6234	output/vamb_depth/bins/1267.fna
RL|S1|C13534	output/vamb_depth/bins/1267.fna
RL|S1|C18172	output/vamb_depth/bins/1267.fna
RL|S1|C8722	output/vamb_depth/bins/1267.fna
RL|S1|C4541	output/vamb_depth/bins/1267.fna
RL|S1|C7309	output/vamb_depth/bins/1267.fna
RL|S1|C7072	output/vamb_depth/bins/1267.fna
RL|S1|C8856	output/vamb_depth/bins/1267.fna
RL|S1|C2940	output/vamb_depth/bins/1267.fna
RL|S1|C310	output/vamb_depth/bins/1267.fna
RL|S1|C18105	output/vamb_depth/bins/1267.fna
RL|S1|C6746	output/vamb_depth/bins/1267.fna
RL|S1|C1336	output/vamb_depth/bins/1267.fna
RL|S1|C17722	output/vamb_depth/bins/1267.fna
RL|S1|C13881	output/vamb_depth/bins/1267.fna
RL|S1|C3999	output/vamb_depth/bins/1267.fna
RL|S1|C66	output/vamb_depth/bins/1267.fna
RL|S1|C6970	output/vamb_depth/bins/1267.fna
RL|S1|C588	output/vamb_depth/bins/1267.fna
RL|S1|C8472	output/vamb_depth/bins/1267.fna
RL|S1|C7800	output/vamb_depth/bins/1267.fna
RL|S1|C8807	output/vamb_depth/bins/1267.fna
RL|S1|C14902	output/vamb_depth/bins/1267.fna
RL|S1|C15529	output/vamb_depth/bins/1267.fna
RL|S1|C7394	output/vamb_depth/bins/1267.fna
RL|S1|C4048	output/vamb_depth/bins/1267.fna
RL|S1|C14516	output/vamb_depth/bins/1267.fna
RL|S1|C15040	output/vamb_depth/bins/1267.fna
RL|S1|C6929	output/vamb_depth/bins/1267.fna
RL|S1|C5600	output/vamb_depth/bins/1267.fna
RL|S1|C11072	output/vamb_depth/bins/1267.fna
RL|S1|C6523	output/vamb_depth/bins/1267.fna
RL|S1|C10693	output/vamb_depth/bins/1267.fna
RL|S1|C16721	output/vamb_depth/bins/1267.fna
RL|S1|C13408	output/vamb_depth/bins/1267.fna
RL|S1|C4179	output/vamb_depth/bins/1267.fna
RL|S1|C3075	output/vamb_depth/bins/1267.fna
RL|S1|C10450	output/vamb_depth/bins/1267.fna
RL|S1|C6252	output/vamb_depth/bins/1267.fna
RL|S1|C12455	output/vamb_depth/bins/1267.fna
RL|S1|C261	output/vamb_depth/bins/1267.fna
RL|S1|C4586	output/vamb_depth/bins/1267.fna
RL|S1|C4615	output/vamb_depth/bins/1267.fna
RL|S1|C6712	output/vamb_depth/bins/1267.fna
RL|S1|C17171	output/vamb_depth/bins/1267.fna
RL|S1|C18760	output/vamb_depth/bins/1267.fna
RL|S1|C4992	output/vamb_depth/bins/1267.fna
RL|S1|C19257	output/vamb_depth/bins/1267.fna
RL|S1|C14399	output/vamb_depth/bins/1267.fna
RL|S1|C13314	output/vamb_depth/bins/1267.fna
RL|S1|C16730	output/vamb_depth/bins/1267.fna
RL|S1|C7531	output/vamb_depth/bins/1267.fna
RL|S1|C14670	output/vamb_depth/bins/1267.fna
RL|S1|C11217	output/vamb_depth/bins/1267.fna
RL|S1|C7484	output/vamb_depth/bins/1267.fna
RL|S1|C9127	output/vamb_depth/bins/1267.fna
RL|S1|C6798	output/vamb_depth/bins/1267.fna
RL|S1|C19064	output/vamb_depth/bins/1267.fna
RL|S1|C3373	output/vamb_depth/bins/1267.fna
RL|S1|C4242	output/vamb_depth/bins/1267.fna
RL|S1|C94	output/vamb_depth/bins/1267.fna
RL|S1|C9042	output/vamb_depth/bins/1267.fna
RL|S1|C1351	output/vamb_depth/bins/1267.fna
RL|S1|C16144	output/vamb_depth/bins/1267.fna
RL|S1|C14148	output/vamb_depth/bins/1267.fna
RL|S1|C12254	output/vamb_depth/bins/1267.fna
RL|S1|C12727	output/vamb_depth/bins/1267.fna
RL|S1|C5005	output/vamb_depth/bins/1267.fna
RL|S1|C2008	output/vamb_depth/bins/1267.fna
RL|S1|C7454	output/vamb_depth/bins/1267.fna
RL|S1|C6589	output/vamb_depth/bins/1267.fna
RL|S1|C3348	output/vamb_depth/bins/1267.fna
RL|S1|C11264	output/vamb_depth/bins/1267.fna
RL|S1|C18173	output/vamb_depth/bins/1267.fna
RL|S1|C9627	output/vamb_depth/bins/1267.fna
RL|S1|C5708	output/vamb_depth/bins/1267.fna
RL|S1|C11235	output/vamb_depth/bins/1267.fna
RL|S1|C18217	output/vamb_depth/bins/1267.fna
RL|S1|C4230	output/vamb_depth/bins/1267.fna
RL|S1|C9822	output/vamb_depth/bins/12754.fna
RL|S1|C19483	output/vamb_depth/bins/12755.fna
RL|S1|C15139	output/vamb_depth/bins/12834.fna
RL|S1|C13142	output/vamb_depth/bins/12868.fna
RL|S1|C10351	output/vamb_depth/bins/12891.fna
RL|S1|C8031	output/vamb_depth/bins/12955.fna
RL|S1|C2077	output/vamb_depth/bins/13053.fna
RL|S1|C6718	output/vamb_depth/bins/13115.fna
RL|S1|C5062	output/vamb_depth/bins/13204.fna
RL|S1|C10388	output/vamb_depth/bins/13487.fna
RL|S1|C6223	output/vamb_depth/bins/1364.fna
RL|S1|C15302	output/vamb_depth/bins/1364.fna
RL|S1|C8547	output/vamb_depth/bins/1364.fna
RL|S1|C11613	output/vamb_depth/bins/1364.fna
RL|S1|C10249	output/vamb_depth/bins/1364.fna
RL|S1|C15453	output/vamb_depth/bins/1364.fna
RL|S1|C12813	output/vamb_depth/bins/1364.fna
RL|S1|C5540	output/vamb_depth/bins/1364.fna
RL|S1|C3296	output/vamb_depth/bins/1364.fna
RL|S1|C17437	output/vamb_depth/bins/1364.fna
RL|S1|C17975	output/vamb_depth/bins/1364.fna
RL|S1|C18097	output/vamb_depth/bins/1364.fna
RL|S1|C18814	output/vamb_depth/bins/1364.fna
RL|S1|C2704	output/vamb_depth/bins/1364.fna
RL|S1|C271	output/vamb_depth/bins/1364.fna
RL|S1|C8059	output/vamb_depth/bins/1364.fna
RL|S1|C9323	output/vamb_depth/bins/1364.fna
RL|S1|C18808	output/vamb_depth/bins/1364.fna
RL|S1|C16038	output/vamb_depth/bins/1364.fna
RL|S1|C8790	output/vamb_depth/bins/1364.fna
RL|S1|C2025	output/vamb_depth/bins/1364.fna
RL|S1|C14519	output/vamb_depth/bins/1364.fna
RL|S1|C7334	output/vamb_depth/bins/1364.fna
RL|S1|C7554	output/vamb_depth/bins/1364.fna
RL|S1|C2316	output/vamb_depth/bins/1364.fna
RL|S1|C7221	output/vamb_depth/bins/1364.fna
RL|S1|C2317	output/vamb_depth/bins/1364.fna
RL|S1|C1862	output/vamb_depth/bins/1364.fna
RL|S1|C9863	output/vamb_depth/bins/1364.fna
RL|S1|C6262	output/vamb_depth/bins/1364.fna
RL|S1|C19349	output/vamb_depth/bins/1364.fna
RL|S1|C4713	output/vamb_depth/bins/1364.fna
RL|S1|C13681	output/vamb_depth/bins/1364.fna
RL|S1|C10012	output/vamb_depth/bins/1364.fna
RL|S1|C17442	output/vamb_depth/bins/1364.fna
RL|S1|C13602	output/vamb_depth/bins/1364.fna
RL|S1|C2882	output/vamb_depth/bins/1364.fna
RL|S1|C5818	output/vamb_depth/bins/1364.fna
RL|S1|C19151	output/vamb_depth/bins/1364.fna
RL|S1|C269	output/vamb_depth/bins/1364.fna
RL|S1|C5242	output/vamb_depth/bins/1364.fna
RL|S1|C12566	output/vamb_depth/bins/1364.fna
RL|S1|C18366	output/vamb_depth/bins/1364.fna
RL|S1|C17631	output/vamb_depth/bins/1364.fna
RL|S1|C1264	output/vamb_depth/bins/1364.fna
RL|S1|C3793	output/vamb_depth/bins/1364.fna
RL|S1|C16581	output/vamb_depth/bins/1364.fna
RL|S1|C10818	output/vamb_depth/bins/1364.fna
RL|S1|C12352	output/vamb_depth/bins/1364.fna
RL|S1|C2857	output/vamb_depth/bins/1364.fna
RL|S1|C5957	output/vamb_depth/bins/1364.fna
RL|S1|C7045	output/vamb_depth/bins/1364.fna
RL|S1|C4971	output/vamb_depth/bins/1364.fna
RL|S1|C17989	output/vamb_depth/bins/1364.fna
RL|S1|C10570	output/vamb_depth/bins/1364.fna
RL|S1|C4594	output/vamb_depth/bins/1364.fna
RL|S1|C17450	output/vamb_depth/bins/1364.fna
RL|S1|C15604	output/vamb_depth/bins/1364.fna
RL|S1|C5252	output/vamb_depth/bins/1364.fna
RL|S1|C18367	output/vamb_depth/bins/1364.fna
RL|S1|C2091	output/vamb_depth/bins/1364.fna
RL|S1|C8113	output/vamb_depth/bins/1364.fna
RL|S1|C19115	output/vamb_depth/bins/1364.fna
RL|S1|C17320	output/vamb_depth/bins/1364.fna
RL|S1|C13202	output/vamb_depth/bins/1364.fna
RL|S1|C9904	output/vamb_depth/bins/1364.fna
RL|S1|C6318	output/vamb_depth/bins/1364.fna
RL|S1|C1948	output/vamb_depth/bins/1364.fna
RL|S1|C14664	output/vamb_depth/bins/1364.fna
RL|S1|C2408	output/vamb_depth/bins/1364.fna
RL|S1|C19453	output/vamb_depth/bins/1364.fna
RL|S1|C5454	output/vamb_depth/bins/1364.fna
RL|S1|C8167	output/vamb_depth/bins/1364.fna
RL|S1|C7763	output/vamb_depth/bins/1364.fna
RL|S1|C12841	output/vamb_depth/bins/1364.fna
RL|S1|C6180	output/vamb_depth/bins/1364.fna
RL|S1|C12627	output/vamb_depth/bins/1364.fna
RL|S1|C14723	output/vamb_depth/bins/1364.fna
RL|S1|C15437	output/vamb_depth/bins/1364.fna
RL|S1|C18270	output/vamb_depth/bins/1364.fna
RL|S1|C7345	output/vamb_depth/bins/1364.fna
RL|S1|C8459	output/vamb_depth/bins/1364.fna
RL|S1|C12362	output/vamb_depth/bins/1364.fna
RL|S1|C19444	output/vamb_depth/bins/1364.fna
RL|S1|C1019	output/vamb_depth/bins/1364.fna
RL|S1|C16012	output/vamb_depth/bins/1364.fna
RL|S1|C2691	output/vamb_depth/bins/1364.fna
RL|S1|C10000	output/vamb_depth/bins/1364.fna
RL|S1|C18447	output/vamb_depth/bins/1364.fna
RL|S1|C1346	output/vamb_depth/bins/1364.fna
RL|S1|C5475	output/vamb_depth/bins/1364.fna
RL|S1|C5983	output/vamb_depth/bins/1364.fna
RL|S1|C11994	output/vamb_depth/bins/1364.fna
RL|S1|C7743	output/vamb_depth/bins/1364.fna
RL|S1|C8867	output/vamb_depth/bins/1364.fna
RL|S1|C14364	output/vamb_depth/bins/1364.fna
RL|S1|C12365	output/vamb_depth/bins/1364.fna
RL|S1|C6127	output/vamb_depth/bins/1364.fna
RL|S1|C14541	output/vamb_depth/bins/1364.fna
RL|S1|C18579	output/vamb_depth/bins/1364.fna
RL|S1|C9295	output/vamb_depth/bins/1364.fna
RL|S1|C17985	output/vamb_depth/bins/1364.fna
RL|S1|C7707	output/vamb_depth/bins/1364.fna
RL|S1|C14890	output/vamb_depth/bins/1364.fna
RL|S1|C17867	output/vamb_depth/bins/1364.fna
RL|S1|C18321	output/vamb_depth/bins/1364.fna
RL|S1|C7437	output/vamb_depth/bins/1364.fna
RL|S1|C14322	output/vamb_depth/bins/1364.fna
RL|S1|C2332	output/vamb_depth/bins/1364.fna
RL|S1|C5419	output/vamb_depth/bins/1364.fna
RL|S1|C7114	output/vamb_depth/bins/1364.fna
RL|S1|C9205	output/vamb_depth/bins/1364.fna
RL|S1|C18819	output/vamb_depth/bins/1364.fna
RL|S1|C14871	output/vamb_depth/bins/1364.fna
RL|S1|C19488	output/vamb_depth/bins/1364.fna
RL|S1|C8664	output/vamb_depth/bins/1364.fna
RL|S1|C10459	output/vamb_depth/bins/1364.fna
RL|S1|C3969	output/vamb_depth/bins/1364.fna
RL|S1|C10643	output/vamb_depth/bins/1364.fna
RL|S1|C6113	output/vamb_depth/bins/1364.fna
RL|S1|C10816	output/vamb_depth/bins/1364.fna
RL|S1|C7174	output/vamb_depth/bins/1364.fna
RL|S1|C11166	output/vamb_depth/bins/1364.fna
RL|S1|C13883	output/vamb_depth/bins/1364.fna
RL|S1|C15200	output/vamb_depth/bins/1364.fna
RL|S1|C7588	output/vamb_depth/bins/1364.fna
RL|S1|C8919	output/vamb_depth/bins/1364.fna
RL|S1|C18322	output/vamb_depth/bins/1364.fna
RL|S1|C7301	output/vamb_depth/bins/1364.fna
RL|S1|C1754	output/vamb_depth/bins/1364.fna
RL|S1|C19212	output/vamb_depth/bins/1364.fna
RL|S1|C6683	output/vamb_depth/bins/1364.fna
RL|S1|C13830	output/vamb_depth/bins/1364.fna
RL|S1|C8767	output/vamb_depth/bins/1364.fna
RL|S1|C2333	output/vamb_depth/bins/1364.fna
RL|S1|C10711	output/vamb_depth/bins/1364.fna
RL|S1|C4260	output/vamb_depth/bins/1364.fna
RL|S1|C9111	output/vamb_depth/bins/1364.fna
RL|S1|C2114	output/vamb_depth/bins/1364.fna
RL|S1|C13563	output/vamb_depth/bins/1364.fna
RL|S1|C13791	output/vamb_depth/bins/1364.fna
RL|S1|C1725	output/vamb_depth/bins/1364.fna
RL|S1|C5180	output/vamb_depth/bins/1364.fna
RL|S1|C11083	output/vamb_depth/bins/1364.fna
RL|S1|C13018	output/vamb_depth/bins/1364.fna
RL|S1|C6145	output/vamb_depth/bins/1364.fna
RL|S1|C12315	output/vamb_depth/bins/1364.fna
RL|S1|C14143	output/vamb_depth/bins/1364.fna
RL|S1|C7379	output/vamb_depth/bins/1364.fna
RL|S1|C2240	output/vamb_depth/bins/1364.fna
RL|S1|C14614	output/vamb_depth/bins/1364.fna
RL|S1|C290	output/vamb_depth/bins/1364.fna
RL|S1|C3964	output/vamb_depth/bins/1364.fna
RL|S1|C11647	output/vamb_depth/bins/1364.fna
RL|S1|C2736	output/vamb_depth/bins/1364.fna
RL|S1|C15775	output/vamb_depth/bins/1364.fna
RL|S1|C729	output/vamb_depth/bins/1364.fna
RL|S1|C5232	output/vamb_depth/bins/1364.fna
RL|S1|C8346	output/vamb_depth/bins/1364.fna
RL|S1|C13808	output/vamb_depth/bins/1364.fna
RL|S1|C13888	output/vamb_depth/bins/1364.fna
RL|S1|C7715	output/vamb_depth/bins/1364.fna
RL|S1|C16787	output/vamb_depth/bins/1364.fna
RL|S1|C19284	output/vamb_depth/bins/1364.fna
RL|S1|C10666	output/vamb_depth/bins/1364.fna
RL|S1|C7058	output/vamb_depth/bins/1364.fna
RL|S1|C15923	output/vamb_depth/bins/1364.fna
RL|S1|C18111	output/vamb_depth/bins/1364.fna
RL|S1|C11164	output/vamb_depth/bins/13643.fna
RL|S1|C9613	output/vamb_depth/bins/13672.fna
RL|S1|C15003	output/vamb_depth/bins/13894.fna
RL|S1|C18120	output/vamb_depth/bins/1392.fna
RL|S1|C6008	output/vamb_depth/bins/1392.fna
RL|S1|C10902	output/vamb_depth/bins/1392.fna
RL|S1|C15943	output/vamb_depth/bins/1392.fna
RL|S1|C395	output/vamb_depth/bins/1392.fna
RL|S1|C16353	output/vamb_depth/bins/1392.fna
RL|S1|C7618	output/vamb_depth/bins/1392.fna
RL|S1|C6881	output/vamb_depth/bins/1392.fna
RL|S1|C16768	output/vamb_depth/bins/1392.fna
RL|S1|C2944	output/vamb_depth/bins/1392.fna
RL|S1|C7756	output/vamb_depth/bins/1392.fna
RL|S1|C8759	output/vamb_depth/bins/1392.fna
RL|S1|C15712	output/vamb_depth/bins/1392.fna
RL|S1|C758	output/vamb_depth/bins/1392.fna
RL|S1|C18931	output/vamb_depth/bins/1392.fna
RL|S1|C4889	output/vamb_depth/bins/1392.fna
RL|S1|C8407	output/vamb_depth/bins/1392.fna
RL|S1|C11228	output/vamb_depth/bins/1392.fna
RL|S1|C14616	output/vamb_depth/bins/1392.fna
RL|S1|C18224	output/vamb_depth/bins/1392.fna
RL|S1|C2974	output/vamb_depth/bins/1392.fna
RL|S1|C16306	output/vamb_depth/bins/1392.fna
RL|S1|C10999	output/vamb_depth/bins/1392.fna
RL|S1|C113	output/vamb_depth/bins/1392.fna
RL|S1|C458	output/vamb_depth/bins/1392.fna
RL|S1|C8221	output/vamb_depth/bins/1392.fna
RL|S1|C8876	output/vamb_depth/bins/1392.fna
RL|S1|C4085	output/vamb_depth/bins/1392.fna
RL|S1|C19317	output/vamb_depth/bins/1392.fna
RL|S1|C2609	output/vamb_depth/bins/1392.fna
RL|S1|C9597	output/vamb_depth/bins/1392.fna
RL|S1|C18231	output/vamb_depth/bins/1392.fna
RL|S1|C754	output/vamb_depth/bins/1392.fna
RL|S1|C14038	output/vamb_depth/bins/1392.fna
RL|S1|C13062	output/vamb_depth/bins/1392.fna
RL|S1|C358	output/vamb_depth/bins/1392.fna
RL|S1|C3658	output/vamb_depth/bins/1392.fna
RL|S1|C16026	output/vamb_depth/bins/1392.fna
RL|S1|C381	output/vamb_depth/bins/1392.fna
RL|S1|C1605	output/vamb_depth/bins/1392.fna
RL|S1|C12331	output/vamb_depth/bins/1392.fna
RL|S1|C12147	output/vamb_depth/bins/1392.fna
RL|S1|C6248	output/vamb_depth/bins/1392.fna
RL|S1|C15556	output/vamb_depth/bins/1392.fna
RL|S1|C9338	output/vamb_depth/bins/1392.fna
RL|S1|C4184	output/vamb_depth/bins/1392.fna
RL|S1|C1355	output/vamb_depth/bins/1392.fna
RL|S1|C18647	output/vamb_depth/bins/1392.fna
RL|S1|C2276	output/vamb_depth/bins/1392.fna
RL|S1|C7911	output/vamb_depth/bins/1392.fna
RL|S1|C13424	output/vamb_depth/bins/1392.fna
RL|S1|C17970	output/vamb_depth/bins/1392.fna
RL|S1|C12126	output/vamb_depth/bins/1392.fna
RL|S1|C15329	output/vamb_depth/bins/1392.fna
RL|S1|C2427	output/vamb_depth/bins/1392.fna
RL|S1|C9490	output/vamb_depth/bins/1392.fna
RL|S1|C2998	output/vamb_depth/bins/1392.fna
RL|S1|C4417	output/vamb_depth/bins/1392.fna
RL|S1|C10556	output/vamb_depth/bins/1392.fna
RL|S1|C18441	output/vamb_depth/bins/1392.fna
RL|S1|C277	output/vamb_depth/bins/1392.fna
RL|S1|C3068	output/vamb_depth/bins/1392.fna
RL|S1|C8671	output/vamb_depth/bins/1392.fna
RL|S1|C8260	output/vamb_depth/bins/1392.fna
RL|S1|C16609	output/vamb_depth/bins/1392.fna
RL|S1|C3789	output/vamb_depth/bins/1392.fna
RL|S1|C16688	output/vamb_depth/bins/1392.fna
RL|S1|C18198	output/vamb_depth/bins/1392.fna
RL|S1|C14466	output/vamb_depth/bins/1392.fna
RL|S1|C2904	output/vamb_depth/bins/1392.fna
RL|S1|C1486	output/vamb_depth/bins/1392.fna
RL|S1|C8201	output/vamb_depth/bins/1392.fna
RL|S1|C16323	output/vamb_depth/bins/1392.fna
RL|S1|C11848	output/vamb_depth/bins/1392.fna
RL|S1|C3067	output/vamb_depth/bins/1392.fna
RL|S1|C1705	output/vamb_depth/bins/1392.fna
RL|S1|C10901	output/vamb_depth/bins/1392.fna
RL|S1|C11074	output/vamb_depth/bins/1392.fna
RL|S1|C5056	output/vamb_depth/bins/1392.fna
RL|S1|C16480	output/vamb_depth/bins/13986.fna
RL|S1|C8018	output/vamb_depth/bins/14049.fna
RL|S1|C6307	output/vamb_depth/bins/14311.fna
RL|S1|C5544	output/vamb_depth/bins/14356.fna
RL|S1|C17173	output/vamb_depth/bins/14363.fna
RL|S1|C6230	output/vamb_depth/bins/14380.fna
RL|S1|C777	output/vamb_depth/bins/14450.fna
RL|S1|C7932	output/vamb_depth/bins/14464.fna
RL|S1|C9654	output/vamb_depth/bins/14521.fna
RL|S1|C11461	output/vamb_depth/bins/14543.fna
RL|S1|C18816	output/vamb_depth/bins/14974.fna
RL|S1|C6651	output/vamb_depth/bins/15323.fna
RL|S1|C5002	output/vamb_depth/bins/15486.fna
RL|S1|C7463	output/vamb_depth/bins/15486.fna
RL|S1|C1284	output/vamb_depth/bins/15486.fna
RL|S1|C2687	output/vamb_depth/bins/15486.fna
RL|S1|C7782	output/vamb_depth/bins/15486.fna
RL|S1|C15649	output/vamb_depth/bins/15486.fna
RL|S1|C593	output/vamb_depth/bins/15486.fna
RL|S1|C8845	output/vamb_depth/bins/15486.fna
RL|S1|C11616	output/vamb_depth/bins/15486.fna
RL|S1|C17097	output/vamb_depth/bins/15486.fna
RL|S1|C12429	output/vamb_depth/bins/15486.fna
RL|S1|C10668	output/vamb_depth/bins/15486.fna
RL|S1|C4031	output/vamb_depth/bins/15486.fna
RL|S1|C8691	output/vamb_depth/bins/15486.fna
RL|S1|C2783	output/vamb_depth/bins/15486.fna
RL|S1|C10919	output/vamb_depth/bins/15486.fna
RL|S1|C17690	output/vamb_depth/bins/15486.fna
RL|S1|C11162	output/vamb_depth/bins/15486.fna
RL|S1|C3302	output/vamb_depth/bins/15486.fna
RL|S1|C5503	output/vamb_depth/bins/15486.fna
RL|S1|C14862	output/vamb_depth/bins/15486.fna
RL|S1|C1335	output/vamb_depth/bins/15486.fna
RL|S1|C14820	output/vamb_depth/bins/15486.fna
RL|S1|C574	output/vamb_depth/bins/15486.fna
RL|S1|C18436	output/vamb_depth/bins/15486.fna
RL|S1|C16264	output/vamb_depth/bins/15486.fna
RL|S1|C17166	output/vamb_depth/bins/15486.fna
RL|S1|C17928	output/vamb_depth/bins/15486.fna
RL|S1|C18139	output/vamb_depth/bins/15486.fna
RL|S1|C16958	output/vamb_depth/bins/15486.fna
RL|S1|C4186	output/vamb_depth/bins/15486.fna
RL|S1|C3284	output/vamb_depth/bins/15486.fna
RL|S1|C865	output/vamb_depth/bins/15486.fna
RL|S1|C17730	output/vamb_depth/bins/15486.fna
RL|S1|C2836	output/vamb_depth/bins/15486.fna
RL|S1|C2441	output/vamb_depth/bins/15486.fna
RL|S1|C15288	output/vamb_depth/bins/15486.fna
RL|S1|C7048	output/vamb_depth/bins/15486.fna
RL|S1|C16635	output/vamb_depth/bins/15486.fna
RL|S1|C15226	output/vamb_depth/bins/15486.fna
RL|S1|C5086	output/vamb_depth/bins/15486.fna
RL|S1|C15038	output/vamb_depth/bins/15486.fna
RL|S1|C17356	output/vamb_depth/bins/15486.fna
RL|S1|C18729	output/vamb_depth/bins/15486.fna
RL|S1|C14164	output/vamb_depth/bins/15486.fna
RL|S1|C7564	output/vamb_depth/bins/15486.fna
RL|S1|C13966	output/vamb_depth/bins/15486.fna
RL|S1|C12163	output/vamb_depth/bins/15486.fna
RL|S1|C1956	output/vamb_depth/bins/15486.fna
RL|S1|C745	output/vamb_depth/bins/15486.fna
RL|S1|C11738	output/vamb_depth/bins/15486.fna
RL|S1|C8510	output/vamb_depth/bins/15486.fna
RL|S1|C15697	output/vamb_depth/bins/15486.fna
RL|S1|C18964	output/vamb_depth/bins/15486.fna
RL|S1|C9263	output/vamb_depth/bins/15486.fna
RL|S1|C8482	output/vamb_depth/bins/15486.fna
RL|S1|C17768	output/vamb_depth/bins/15486.fna
RL|S1|C39	output/vamb_depth/bins/15486.fna
RL|S1|C17069	output/vamb_depth/bins/15486.fna
RL|S1|C1842	output/vamb_depth/bins/15486.fna
RL|S1|C333	output/vamb_depth/bins/15486.fna
RL|S1|C19084	output/vamb_depth/bins/15486.fna
RL|S1|C6474	output/vamb_depth/bins/15486.fna
RL|S1|C11130	output/vamb_depth/bins/15486.fna
RL|S1|C10081	output/vamb_depth/bins/15486.fna
RL|S1|C16008	output/vamb_depth/bins/15486.fna
RL|S1|C17189	output/vamb_depth/bins/15486.fna
RL|S1|C3137	output/vamb_depth/bins/15486.fna
RL|S1|C3625	output/vamb_depth/bins/15486.fna
RL|S1|C10820	output/vamb_depth/bins/15542.fna
RL|S1|C723	output/vamb_depth/bins/1558.fna
RL|S1|C12200	output/vamb_depth/bins/15605.fna
RL|S1|C10008	output/vamb_depth/bins/15847.fna
RL|S1|C12000	output/vamb_depth/bins/15863.fna
RL|S1|C14159	output/vamb_depth/bins/15927.fna
RL|S1|C920	output/vamb_depth/bins/15932.fna
RL|S1|C18475	output/vamb_depth/bins/15934.fna
RL|S1|C6438	output/vamb_depth/bins/16102.fna
RL|S1|C14599	output/vamb_depth/bins/16196.fna
RL|S1|C18353	output/vamb_depth/bins/16196.fna
RL|S1|C4286	output/vamb_depth/bins/1620.fna
RL|S1|C18602	output/vamb_depth/bins/1620.fna
RL|S1|C6274	output/vamb_depth/bins/1620.fna
RL|S1|C6216	output/vamb_depth/bins/1620.fna
RL|S1|C15312	output/vamb_depth/bins/1620.fna
RL|S1|C13381	output/vamb_depth/bins/1620.fna
RL|S1|C14058	output/vamb_depth/bins/1620.fna
RL|S1|C19031	output/vamb_depth/bins/1620.fna
RL|S1|C15516	output/vamb_depth/bins/1620.fna
RL|S1|C6421	output/vamb_depth/bins/1620.fna
RL|S1|C12357	output/vamb_depth/bins/1620.fna
RL|S1|C1478	output/vamb_depth/bins/1620.fna
RL|S1|C9750	output/vamb_depth/bins/1620.fna
RL|S1|C2849	output/vamb_depth/bins/1620.fna
RL|S1|C19376	output/vamb_depth/bins/1620.fna
RL|S1|C543	output/vamb_depth/bins/1620.fna
RL|S1|C1747	output/vamb_depth/bins/1620.fna
RL|S1|C16689	output/vamb_depth/bins/1620.fna
RL|S1|C10179	output/vamb_depth/bins/1684.fna
RL|S1|C5986	output/vamb_depth/bins/1684.fna
RL|S1|C13326	output/vamb_depth/bins/1684.fna
RL|S1|C15450	output/vamb_depth/bins/1684.fna
RL|S1|C18544	output/vamb_depth/bins/1684.fna
RL|S1|C7175	output/vamb_depth/bins/1684.fna
RL|S1|C4030	output/vamb_depth/bins/1684.fna
RL|S1|C6056	output/vamb_depth/bins/1684.fna
RL|S1|C16061	output/vamb_depth/bins/1684.fna
RL|S1|C5234	output/vamb_depth/bins/1684.fna
RL|S1|C4823	output/vamb_depth/bins/1684.fna
RL|S1|C13074	output/vamb_depth/bins/1684.fna
RL|S1|C3971	output/vamb_depth/bins/1684.fna
RL|S1|C18298	output/vamb_depth/bins/1684.fna
RL|S1|C17198	output/vamb_depth/bins/1684.fna
RL|S1|C3799	output/vamb_depth/bins/1684.fna
RL|S1|C10359	output/vamb_depth/bins/1684.fna
RL|S1|C6162	output/vamb_depth/bins/1684.fna
RL|S1|C11896	output/vamb_depth/bins/1684.fna
RL|S1|C9123	output/vamb_depth/bins/1684.fna
RL|S1|C789	output/vamb_depth/bins/1684.fna
RL|S1|C7634	output/vamb_depth/bins/1684.fna
RL|S1|C8964	output/vamb_depth/bins/1684.fna
RL|S1|C18409	output/vamb_depth/bins/1684.fna
RL|S1|C6961	output/vamb_depth/bins/1684.fna
RL|S1|C12431	output/vamb_depth/bins/1684.fna
RL|S1|C3329	output/vamb_depth/bins/1684.fna
RL|S1|C3817	output/vamb_depth/bins/1684.fna
RL|S1|C15184	output/vamb_depth/bins/1684.fna
RL|S1|C13550	output/vamb_depth/bins/1684.fna
RL|S1|C1204	output/vamb_depth/bins/1684.fna
RL|S1|C1737	output/vamb_depth/bins/1684.fna
RL|S1|C13171	output/vamb_depth/bins/1684.fna
RL|S1|C15154	output/vamb_depth/bins/1684.fna
RL|S1|C11922	output/vamb_depth/bins/1684.fna
RL|S1|C16153	output/vamb_depth/bins/1684.fna
RL|S1|C15349	output/vamb_depth/bins/1684.fna
RL|S1|C5755	output/vamb_depth/bins/1684.fna
RL|S1|C1973	output/vamb_depth/bins/1684.fna
RL|S1|C12449	output/vamb_depth/bins/1684.fna
RL|S1|C4004	output/vamb_depth/bins/1684.fna
RL|S1|C825	output/vamb_depth/bins/1684.fna
RL|S1|C2290	output/vamb_depth/bins/1684.fna
RL|S1|C1186	output/vamb_depth/bins/1684.fna
RL|S1|C18554	output/vamb_depth/bins/1684.fna
RL|S1|C1487	output/vamb_depth/bins/1684.fna
RL|S1|C1665	output/vamb_depth/bins/1684.fna
RL|S1|C8494	output/vamb_depth/bins/1684.fna
RL|S1|C7240	output/vamb_depth/bins/1684.fna
RL|S1|C6322	output/vamb_depth/bins/1684.fna
RL|S1|C10534	output/vamb_depth/bins/1684.fna
RL|S1|C6209	output/vamb_depth/bins/1684.fna
RL|S1|C1991	output/vamb_depth/bins/1684.fna
RL|S1|C7222	output/vamb_depth/bins/1684.fna
RL|S1|C11898	output/vamb_depth/bins/1684.fna
RL|S1|C19498	output/vamb_depth/bins/1684.fna
RL|S1|C4175	output/vamb_depth/bins/1684.fna
RL|S1|C7649	output/vamb_depth/bins/17.fna
RL|S1|C15004	output/vamb_depth/bins/17.fna
RL|S1|C8853	output/vamb_depth/bins/17.fna
RL|S1|C12984	output/vamb_depth/bins/17.fna
RL|S1|C8307	output/vamb_depth/bins/17.fna
RL|S1|C12651	output/vamb_depth/bins/17.fna
RL|S1|C8185	output/vamb_depth/bins/17.fna
RL|S1|C10194	output/vamb_depth/bins/17.fna
RL|S1|C6982	output/vamb_depth/bins/17.fna
RL|S1|C3844	output/vamb_depth/bins/17.fna
RL|S1|C6491	output/vamb_depth/bins/17.fna
RL|S1|C669	output/vamb_depth/bins/17.fna
RL|S1|C4000	output/vamb_depth/bins/17.fna
RL|S1|C13286	output/vamb_depth/bins/17.fna
RL|S1|C13251	output/vamb_depth/bins/17.fna
RL|S1|C12305	output/vamb_depth/bins/17.fna
RL|S1|C15802	output/vamb_depth/bins/17.fna
RL|S1|C8534	output/vamb_depth/bins/17.fna
RL|S1|C13980	output/vamb_depth/bins/17.fna
RL|S1|C7027	output/vamb_depth/bins/17.fna
RL|S1|C5562	output/vamb_depth/bins/17.fna
RL|S1|C9516	output/vamb_depth/bins/17.fna
RL|S1|C13790	output/vamb_depth/bins/17.fna
RL|S1|C996	output/vamb_depth/bins/17.fna
RL|S1|C13040	output/vamb_depth/bins/17.fna
RL|S1|C18692	output/vamb_depth/bins/17.fna
RL|S1|C12966	output/vamb_depth/bins/17.fna
RL|S1|C6047	output/vamb_depth/bins/17.fna
RL|S1|C18432	output/vamb_depth/bins/17.fna
RL|S1|C6954	output/vamb_depth/bins/17.fna
RL|S1|C15347	output/vamb_depth/bins/17.fna
RL|S1|C4510	output/vamb_depth/bins/17.fna
RL|S1|C11734	output/vamb_depth/bins/17.fna
RL|S1|C2703	output/vamb_depth/bins/17.fna
RL|S1|C3064	output/vamb_depth/bins/17.fna
RL|S1|C15043	output/vamb_depth/bins/17.fna
RL|S1|C9234	output/vamb_depth/bins/17.fna
RL|S1|C10786	output/vamb_depth/bins/17.fna
RL|S1|C6367	output/vamb_depth/bins/17.fna
RL|S1|C3394	output/vamb_depth/bins/17.fna
RL|S1|C14892	output/vamb_depth/bins/17.fna
RL|S1|C17288	output/vamb_depth/bins/17.fna
RL|S1|C2484	output/vamb_depth/bins/17.fna
RL|S1|C1541	output/vamb_depth/bins/17.fna
RL|S1|C18781	output/vamb_depth/bins/17.fna
RL|S1|C16917	output/vamb_depth/bins/17.fna
RL|S1|C9735	output/vamb_depth/bins/17.fna
RL|S1|C7645	output/vamb_depth/bins/17.fna
RL|S1|C683	output/vamb_depth/bins/17.fna
RL|S1|C12438	output/vamb_depth/bins/17.fna
RL|S1|C17468	output/vamb_depth/bins/17.fna
RL|S1|C5211	output/vamb_depth/bins/17.fna
RL|S1|C1799	output/vamb_depth/bins/17.fna
RL|S1|C6551	output/vamb_depth/bins/17.fna
RL|S1|C7641	output/vamb_depth/bins/17.fna
RL|S1|C1595	output/vamb_depth/bins/17.fna
RL|S1|C7413	output/vamb_depth/bins/17.fna
RL|S1|C1792	output/vamb_depth/bins/1818.fna
RL|S1|C12251	output/vamb_depth/bins/1818.fna
RL|S1|C3746	output/vamb_depth/bins/1818.fna
RL|S1|C2166	output/vamb_depth/bins/1818.fna
RL|S1|C441	output/vamb_depth/bins/1818.fna
RL|S1|C4287	output/vamb_depth/bins/1818.fna
RL|S1|C4639	output/vamb_depth/bins/1818.fna
RL|S1|C12231	output/vamb_depth/bins/1818.fna
RL|S1|C13832	output/vamb_depth/bins/1818.fna
RL|S1|C11458	output/vamb_depth/bins/1818.fna
RL|S1|C4239	output/vamb_depth/bins/1818.fna
RL|S1|C573	output/vamb_depth/bins/1818.fna
RL|S1|C15213	output/vamb_depth/bins/1818.fna
RL|S1|C7939	output/vamb_depth/bins/1818.fna
RL|S1|C4515	output/vamb_depth/bins/1818.fna
RL|S1|C737	output/vamb_depth/bins/1818.fna
RL|S1|C16075	output/vamb_depth/bins/1818.fna
RL|S1|C4944	output/vamb_depth/bins/1818.fna
RL|S1|C8717	output/vamb_depth/bins/1818.fna
RL|S1|C18561	output/vamb_depth/bins/1818.fna
RL|S1|C13613	output/vamb_depth/bins/1818.fna
RL|S1|C7032	output/vamb_depth/bins/1818.fna
RL|S1|C8893	output/vamb_depth/bins/1818.fna
RL|S1|C14746	output/vamb_depth/bins/1818.fna
RL|S1|C5781	output/vamb_depth/bins/1818.fna
RL|S1|C9297	output/vamb_depth/bins/1818.fna
RL|S1|C15179	output/vamb_depth/bins/1818.fna
RL|S1|C3907	output/vamb_depth/bins/1818.fna
RL|S1|C2825	output/vamb_depth/bins/1818.fna
RL|S1|C11044	output/vamb_depth/bins/1818.fna
RL|S1|C3823	output/vamb_depth/bins/1818.fna
RL|S1|C2246	output/vamb_depth/bins/1818.fna
RL|S1|C14533	output/vamb_depth/bins/1818.fna
RL|S1|C12247	output/vamb_depth/bins/1818.fna
RL|S1|C16993	output/vamb_depth/bins/1818.fna
RL|S1|C800	output/vamb_depth/bins/1818.fna
RL|S1|C10799	output/vamb_depth/bins/1818.fna
RL|S1|C7778	output/vamb_depth/bins/1818.fna
RL|S1|C3629	output/vamb_depth/bins/1818.fna
RL|S1|C1783	output/vamb_depth/bins/1818.fna
RL|S1|C5110	output/vamb_depth/bins/1818.fna
RL|S1|C11705	output/vamb_depth/bins/1818.fna
RL|S1|C9555	output/vamb_depth/bins/1818.fna
RL|S1|C13545	output/vamb_depth/bins/1818.fna
RL|S1|C13481	output/vamb_depth/bins/1818.fna
RL|S1|C6959	output/vamb_depth/bins/1818.fna
RL|S1|C19338	output/vamb_depth/bins/1818.fna
RL|S1|C19021	output/vamb_depth/bins/1818.fna
RL|S1|C157	output/vamb_depth/bins/1818.fna
RL|S1|C13288	output/vamb_depth/bins/1818.fna
RL|S1|C3113	output/vamb_depth/bins/1818.fna
RL|S1|C13931	output/vamb_depth/bins/1818.fna
RL|S1|C4774	output/vamb_depth/bins/1818.fna
RL|S1|C4589	output/vamb_depth/bins/1818.fna
RL|S1|C14933	output/vamb_depth/bins/1818.fna
RL|S1|C17318	output/vamb_depth/bins/1818.fna
RL|S1|C18702	output/vamb_depth/bins/1818.fna
RL|S1|C9336	output/vamb_depth/bins/1818.fna
RL|S1|C7462	output/vamb_depth/bins/1818.fna
RL|S1|C3440	output/vamb_depth/bins/1818.fna
RL|S1|C7666	output/vamb_depth/bins/1818.fna
RL|S1|C8144	output/vamb_depth/bins/1818.fna
RL|S1|C10692	output/vamb_depth/bins/1818.fna
RL|S1|C12166	output/vamb_depth/bins/1818.fna
RL|S1|C6484	output/vamb_depth/bins/1818.fna
RL|S1|C15724	output/vamb_depth/bins/1818.fna
RL|S1|C10854	output/vamb_depth/bins/1818.fna
RL|S1|C14360	output/vamb_depth/bins/1818.fna
RL|S1|C1656	output/vamb_depth/bins/1887.fna
RL|S1|C18717	output/vamb_depth/bins/2126.fna
RL|S1|C14974	output/vamb_depth/bins/222.fna
RL|S1|C4180	output/vamb_depth/bins/2340.fna
RL|S1|C12812	output/vamb_depth/bins/2340.fna
RL|S1|C1178	output/vamb_depth/bins/2340.fna
RL|S1|C4168	output/vamb_depth/bins/2340.fna
RL|S1|C13436	output/vamb_depth/bins/2340.fna
RL|S1|C10497	output/vamb_depth/bins/2340.fna
RL|S1|C6098	output/vamb_depth/bins/2340.fna
RL|S1|C4943	output/vamb_depth/bins/2506.fna
RL|S1|C17238	output/vamb_depth/bins/2532.fna
RL|S1|C5584	output/vamb_depth/bins/2680.fna
RL|S1|C15358	output/vamb_depth/bins/2739.fna
RL|S1|C6030	output/vamb_depth/bins/2741.fna
RL|S1|C1123	output/vamb_depth/bins/2939.fna
RL|S1|C12850	output/vamb_depth/bins/295.fna
RL|S1|C12697	output/vamb_depth/bins/2969.fna
RL|S1|C17022	output/vamb_depth/bins/3057.fna
RL|S1|C14301	output/vamb_depth/bins/3106.fna
RL|S1|C11102	output/vamb_depth/bins/3117.fna
RL|S1|C6431	output/vamb_depth/bins/3267.fna
RL|S1|C4393	output/vamb_depth/bins/3475.fna
RL|S1|C9131	output/vamb_depth/bins/3534.fna
RL|S1|C4845	output/vamb_depth/bins/3534.fna
RL|S1|C11452	output/vamb_depth/bins/3534.fna
RL|S1|C3737	output/vamb_depth/bins/3534.fna
RL|S1|C12531	output/vamb_depth/bins/3534.fna
RL|S1|C17806	output/vamb_depth/bins/3534.fna
RL|S1|C5401	output/vamb_depth/bins/3534.fna
RL|S1|C19446	output/vamb_depth/bins/3534.fna
RL|S1|C5760	output/vamb_depth/bins/3534.fna
RL|S1|C1074	output/vamb_depth/bins/3534.fna
RL|S1|C7205	output/vamb_depth/bins/3534.fna
RL|S1|C7483	output/vamb_depth/bins/3534.fna
RL|S1|C16996	output/vamb_depth/bins/3534.fna
RL|S1|C8305	output/vamb_depth/bins/3534.fna
RL|S1|C17329	output/vamb_depth/bins/3534.fna
RL|S1|C8267	output/vamb_depth/bins/3534.fna
RL|S1|C10070	output/vamb_depth/bins/3534.fna
RL|S1|C899	output/vamb_depth/bins/3534.fna
RL|S1|C5783	output/vamb_depth/bins/3534.fna
RL|S1|C10801	output/vamb_depth/bins/3534.fna
RL|S1|C15763	output/vamb_depth/bins/3534.fna
RL|S1|C7979	output/vamb_depth/bins/3650.fna
RL|S1|C14810	output/vamb_depth/bins/3807.fna
RL|S1|C15512	output/vamb_depth/bins/405.fna
RL|S1|C17647	output/vamb_depth/bins/4205.fna
RL|S1|C16249	output/vamb_depth/bins/4205.fna
RL|S1|C18150	output/vamb_depth/bins/4205.fna
RL|S1|C6112	output/vamb_depth/bins/4205.fna
RL|S1|C15711	output/vamb_depth/bins/4205.fna
RL|S1|C6899	output/vamb_depth/bins/4205.fna
RL|S1|C18369	output/vamb_depth/bins/4205.fna
RL|S1|C10562	output/vamb_depth/bins/4205.fna
RL|S1|C10773	output/vamb_depth/bins/4205.fna
RL|S1|C4961	output/vamb_depth/bins/4205.fna
RL|S1|C9096	output/vamb_depth/bins/4275.fna
RL|S1|C5198	output/vamb_depth/bins/4436.fna
RL|S1|C14439	output/vamb_depth/bins/4493.fna
RL|S1|C18029	output/vamb_depth/bins/4516.fna
RL|S1|C17842	output/vamb_depth/bins/4596.fna
RL|S1|C15164	output/vamb_depth/bins/4645.fna
RL|S1|C18317	output/vamb_depth/bins/4668.fna
RL|S1|C6271	output/vamb_depth/bins/4668.fna
RL|S1|C18479	output/vamb_depth/bins/4668.fna
RL|S1|C11500	output/vamb_depth/bins/4668.fna
RL|S1|C10335	output/vamb_depth/bins/4668.fna
RL|S1|C3411	output/vamb_depth/bins/4668.fna
RL|S1|C10852	output/vamb_depth/bins/4668.fna
RL|S1|C18026	output/vamb_depth/bins/4668.fna
RL|S1|C8426	output/vamb_depth/bins/4668.fna
RL|S1|C15282	output/vamb_depth/bins/4668.fna
RL|S1|C7934	output/vamb_depth/bins/4668.fna
RL|S1|C8203	output/vamb_depth/bins/4668.fna
RL|S1|C10782	output/vamb_depth/bins/4668.fna
RL|S1|C5393	output/vamb_depth/bins/4668.fna
RL|S1|C2376	output/vamb_depth/bins/4668.fna
RL|S1|C13483	output/vamb_depth/bins/4668.fna
RL|S1|C4941	output/vamb_depth/bins/4668.fna
RL|S1|C15785	output/vamb_depth/bins/4668.fna
RL|S1|C11702	output/vamb_depth/bins/4668.fna
RL|S1|C8044	output/vamb_depth/bins/4668.fna
RL|S1|C14522	output/vamb_depth/bins/4668.fna
RL|S1|C12947	output/vamb_depth/bins/4668.fna
RL|S1|C8812	output/vamb_depth/bins/4668.fna
RL|S1|C1119	output/vamb_depth/bins/4668.fna
RL|S1|C9917	output/vamb_depth/bins/4668.fna
RL|S1|C6948	output/vamb_depth/bins/4668.fna
RL|S1|C1032	output/vamb_depth/bins/4668.fna
RL|S1|C9573	output/vamb_depth/bins/4668.fna
RL|S1|C1191	output/vamb_depth/bins/4668.fna
RL|S1|C12630	output/vamb_depth/bins/4668.fna
RL|S1|C17465	output/vamb_depth/bins/4668.fna
RL|S1|C12768	output/vamb_depth/bins/4668.fna
RL|S1|C3820	output/vamb_depth/bins/4668.fna
RL|S1|C10698	output/vamb_depth/bins/4668.fna
RL|S1|C1453	output/vamb_depth/bins/4668.fna
RL|S1|C5398	output/vamb_depth/bins/4668.fna
RL|S1|C16030	output/vamb_depth/bins/4668.fna
RL|S1|C5133	output/vamb_depth/bins/4668.fna
RL|S1|C10261	output/vamb_depth/bins/4668.fna
RL|S1|C18966	output/vamb_depth/bins/4668.fna
RL|S1|C5038	output/vamb_depth/bins/4668.fna
RL|S1|C7735	output/vamb_depth/bins/4668.fna
RL|S1|C11622	output/vamb_depth/bins/4668.fna
RL|S1|C18510	output/vamb_depth/bins/4668.fna
RL|S1|C16407	output/vamb_depth/bins/4668.fna
RL|S1|C17661	output/vamb_depth/bins/4668.fna
RL|S1|C4121	output/vamb_depth/bins/4668.fna
RL|S1|C9984	output/vamb_depth/bins/4668.fna
RL|S1|C7518	output/vamb_depth/bins/4668.fna
RL|S1|C3914	output/vamb_depth/bins/4668.fna
RL|S1|C327	output/vamb_depth/bins/4668.fna
RL|S1|C11999	output/vamb_depth/bins/4668.fna
RL|S1|C4881	output/vamb_depth/bins/4668.fna
RL|S1|C1985	output/vamb_depth/bins/4668.fna
RL|S1|C6173	output/vamb_depth/bins/4668.fna
RL|S1|C17671	output/vamb_depth/bins/4668.fna
RL|S1|C8945	output/vamb_depth/bins/4668.fna
RL|S1|C429	output/vamb_depth/bins/4668.fna
RL|S1|C5541	output/vamb_depth/bins/4668.fna
RL|S1|C12862	output/vamb_depth/bins/4668.fna
RL|S1|C19346	output/vamb_depth/bins/4668.fna
RL|S1|C11479	output/vamb_depth/bins/4668.fna
RL|S1|C9422	output/vamb_depth/bins/4668.fna
RL|S1|C1546	output/vamb_depth/bins/4668.fna
RL|S1|C3672	output/vamb_depth/bins/4668.fna
RL|S1|C15740	output/vamb_depth/bins/4668.fna
RL|S1|C536	output/vamb_depth/bins/4668.fna
RL|S1|C3322	output/vamb_depth/bins/4668.fna
RL|S1|C7691	output/vamb_depth/bins/4668.fna
RL|S1|C3661	output/vamb_depth/bins/4668.fna
RL|S1|C1333	output/vamb_depth/bins/4668.fna
RL|S1|C17804	output/vamb_depth/bins/4668.fna
RL|S1|C7994	output/vamb_depth/bins/4668.fna
RL|S1|C10289	output/vamb_depth/bins/4668.fna
RL|S1|C10136	output/vamb_depth/bins/4668.fna
RL|S1|C9891	output/vamb_depth/bins/4668.fna
RL|S1|C14353	output/vamb_depth/bins/4668.fna
RL|S1|C12031	output/vamb_depth/bins/4668.fna
RL|S1|C10871	output/vamb_depth/bins/4668.fna
RL|S1|C1464	output/vamb_depth/bins/4668.fna
RL|S1|C18709	output/vamb_depth/bins/4668.fna
RL|S1|C12503	output/vamb_depth/bins/4668.fna
RL|S1|C1722	output/vamb_depth/bins/4668.fna
RL|S1|C4595	output/vamb_depth/bins/4668.fna
RL|S1|C18330	output/vamb_depth/bins/4668.fna
RL|S1|C17980	output/vamb_depth/bins/4668.fna
RL|S1|C11683	output/vamb_depth/bins/4668.fna
RL|S1|C2310	output/vamb_depth/bins/4668.fna
RL|S1|C5335	output/vamb_depth/bins/4668.fna
RL|S1|C9093	output/vamb_depth/bins/4668.fna
RL|S1|C18099	output/vamb_depth/bins/4668.fna
RL|S1|C17898	output/vamb_depth/bins/4668.fna
RL|S1|C14080	output/vamb_depth/bins/4668.fna
RL|S1|C13742	output/vamb_depth/bins/4668.fna
RL|S1|C6776	output/vamb_depth/bins/4668.fna
RL|S1|C11783	output/vamb_depth/bins/4668.fna
RL|S1|C8644	output/vamb_depth/bins/4668.fna
RL|S1|C17070	output/vamb_depth/bins/4668.fna
RL|S1|C5908	output/vamb_depth/bins/4668.fna
RL|S1|C3443	output/vamb_depth/bins/4668.fna
RL|S1|C421	output/vamb_depth/bins/4668.fna
RL|S1|C6667	output/vamb_depth/bins/4668.fna
RL|S1|C18798	output/vamb_depth/bins/4668.fna
RL|S1|C9753	output/vamb_depth/bins/4668.fna
RL|S1|C10080	output/vamb_depth/bins/4668.fna
RL|S1|C12820	output/vamb_depth/bins/4668.fna
RL|S1|C3468	output/vamb_depth/bins/4668.fna
RL|S1|C11251	output/vamb_depth/bins/4668.fna
RL|S1|C340	output/vamb_depth/bins/4668.fna
RL|S1|C16737	output/vamb_depth/bins/4668.fna
RL|S1|C13446	output/vamb_depth/bins/4668.fna
RL|S1|C13098	output/vamb_depth/bins/4668.fna
RL|S1|C4581	output/vamb_depth/bins/4668.fna
RL|S1|C6057	output/vamb_depth/bins/4668.fna
RL|S1|C3146	output/vamb_depth/bins/4668.fna
RL|S1|C474	output/vamb_depth/bins/4668.fna
RL|S1|C1979	output/vamb_depth/bins/4668.fna
RL|S1|C12817	output/vamb_depth/bins/4668.fna
RL|S1|C469	output/vamb_depth/bins/4668.fna
RL|S1|C8997	output/vamb_depth/bins/4668.fna
RL|S1|C11424	output/vamb_depth/bins/4668.fna
RL|S1|C2597	output/vamb_depth/bins/4668.fna
RL|S1|C18864	output/vamb_depth/bins/4668.fna
RL|S1|C10994	output/vamb_depth/bins/4668.fna
RL|S1|C13995	output/vamb_depth/bins/4668.fna
RL|S1|C17402	output/vamb_depth/bins/4668.fna
RL|S1|C6336	output/vamb_depth/bins/4668.fna
RL|S1|C14135	output/vamb_depth/bins/4668.fna
RL|S1|C10325	output/vamb_depth/bins/4668.fna
RL|S1|C13509	output/vamb_depth/bins/4668.fna
RL|S1|C14188	output/vamb_depth/bins/4668.fna
RL|S1|C17317	output/vamb_depth/bins/4668.fna
RL|S1|C9885	output/vamb_depth/bins/4668.fna
RL|S1|C2625	output/vamb_depth/bins/4668.fna
RL|S1|C7585	output/vamb_depth/bins/4668.fna
RL|S1|C10846	output/vamb_depth/bins/4668.fna
RL|S1|C10417	output/vamb_depth/bins/4668.fna
RL|S1|C16060	output/vamb_depth/bins/4668.fna
RL|S1|C9299	output/vamb_depth/bins/4668.fna
RL|S1|C657	output/vamb_depth/bins/4668.fna
RL|S1|C4681	output/vamb_depth/bins/4668.fna
RL|S1|C7291	output/vamb_depth/bins/4668.fna
RL|S1|C666	output/vamb_depth/bins/4668.fna
RL|S1|C16010	output/vamb_depth/bins/4668.fna
RL|S1|C4158	output/vamb_depth/bins/4668.fna
RL|S1|C7094	output/vamb_depth/bins/4668.fna
RL|S1|C17738	output/vamb_depth/bins/4668.fna
RL|S1|C16570	output/vamb_depth/bins/4668.fna
RL|S1|C11520	output/vamb_depth/bins/4668.fna
RL|S1|C11675	output/vamb_depth/bins/4668.fna
RL|S1|C15688	output/vamb_depth/bins/4668.fna
RL|S1|C18104	output/vamb_depth/bins/4668.fna
RL|S1|C18088	output/vamb_depth/bins/4668.fna
RL|S1|C4433	output/vamb_depth/bins/4668.fna
RL|S1|C5806	output/vamb_depth/bins/4668.fna
RL|S1|C2118	output/vamb_depth/bins/4668.fna
RL|S1|C8971	output/vamb_depth/bins/4668.fna
RL|S1|C16940	output/vamb_depth/bins/4668.fna
RL|S1|C3753	output/vamb_depth/bins/4668.fna
RL|S1|C7451	output/vamb_depth/bins/4668.fna
RL|S1|C4593	output/vamb_depth/bins/4668.fna
RL|S1|C17634	output/vamb_depth/bins/4668.fna
RL|S1|C6	output/vamb_depth/bins/4668.fna
RL|S1|C13678	output/vamb_depth/bins/4668.fna
RL|S1|C16784	output/vamb_depth/bins/4668.fna
RL|S1|C155	output/vamb_depth/bins/4668.fna
RL|S1|C10108	output/vamb_depth/bins/4668.fna
RL|S1|C17418	output/vamb_depth/bins/4668.fna
RL|S1|C12170	output/vamb_depth/bins/4668.fna
RL|S1|C688	output/vamb_depth/bins/4668.fna
RL|S1|C11354	output/vamb_depth/bins/4668.fna
RL|S1|C1168	output/vamb_depth/bins/4668.fna
RL|S1|C12989	output/vamb_depth/bins/4668.fna
RL|S1|C7997	output/vamb_depth/bins/4668.fna
RL|S1|C9407	output/vamb_depth/bins/4668.fna
RL|S1|C517	output/vamb_depth/bins/4668.fna
RL|S1|C644	output/vamb_depth/bins/4668.fna
RL|S1|C8164	output/vamb_depth/bins/4668.fna
RL|S1|C6765	output/vamb_depth/bins/4668.fna
RL|S1|C9941	output/vamb_depth/bins/4668.fna
RL|S1|C12723	output/vamb_depth/bins/4668.fna
RL|S1|C10034	output/vamb_depth/bins/4668.fna
RL|S1|C4294	output/vamb_depth/bins/4668.fna
RL|S1|C4953	output/vamb_depth/bins/4668.fna
RL|S1|C17371	output/vamb_depth/bins/4668.fna
RL|S1|C4279	output/vamb_depth/bins/4668.fna
RL|S1|C5314	output/vamb_depth/bins/4668.fna
RL|S1|C1149	output/vamb_depth/bins/4668.fna
RL|S1|C5213	output/vamb_depth/bins/4668.fna
RL|S1|C9786	output/vamb_depth/bins/4668.fna
RL|S1|C6599	output/vamb_depth/bins/4668.fna
RL|S1|C9359	output/vamb_depth/bins/4668.fna
RL|S1|C14011	output/vamb_depth/bins/4669.fna
RL|S1|C13879	output/vamb_depth/bins/4699.fna
RL|S1|C3556	output/vamb_depth/bins/4710.fna
RL|S1|C10363	output/vamb_depth/bins/478.fna
RL|S1|C5348	output/vamb_depth/bins/478.fna
RL|S1|C9693	output/vamb_depth/bins/478.fna
RL|S1|C14296	output/vamb_depth/bins/478.fna
RL|S1|C12965	output/vamb_depth/bins/478.fna
RL|S1|C14150	output/vamb_depth/bins/478.fna
RL|S1|C12068	output/vamb_depth/bins/478.fna
RL|S1|C14419	output/vamb_depth/bins/478.fna
RL|S1|C9776	output/vamb_depth/bins/478.fna
RL|S1|C9685	output/vamb_depth/bins/478.fna
RL|S1|C15402	output/vamb_depth/bins/478.fna
RL|S1|C16837	output/vamb_depth/bins/478.fna
RL|S1|C16113	output/vamb_depth/bins/478.fna
RL|S1|C11071	output/vamb_depth/bins/478.fna
RL|S1|C10860	output/vamb_depth/bins/478.fna
RL|S1|C6371	output/vamb_depth/bins/478.fna
RL|S1|C9583	output/vamb_depth/bins/478.fna
RL|S1|C11936	output/vamb_depth/bins/478.fna
RL|S1|C10150	output/vamb_depth/bins/478.fna
RL|S1|C13740	output/vamb_depth/bins/478.fna
RL|S1|C9464	output/vamb_depth/bins/478.fna
RL|S1|C12266	output/vamb_depth/bins/478.fna
RL|S1|C2323	output/vamb_depth/bins/478.fna
RL|S1|C14225	output/vamb_depth/bins/478.fna
RL|S1|C11425	output/vamb_depth/bins/478.fna
RL|S1|C12983	output/vamb_depth/bins/478.fna
RL|S1|C10036	output/vamb_depth/bins/478.fna
RL|S1|C3862	output/vamb_depth/bins/478.fna
RL|S1|C11042	output/vamb_depth/bins/478.fna
RL|S1|C5073	output/vamb_depth/bins/478.fna
RL|S1|C701	output/vamb_depth/bins/478.fna
RL|S1|C12505	output/vamb_depth/bins/478.fna
RL|S1|C16648	output/vamb_depth/bins/478.fna
RL|S1|C54	output/vamb_depth/bins/478.fna
RL|S1|C13688	output/vamb_depth/bins/478.fna
RL|S1|C19442	output/vamb_depth/bins/478.fna
RL|S1|C12257	output/vamb_depth/bins/478.fna
RL|S1|C18712	output/vamb_depth/bins/478.fna
RL|S1|C1087	output/vamb_depth/bins/478.fna
RL|S1|C3256	output/vamb_depth/bins/478.fna
RL|S1|C17861	output/vamb_depth/bins/478.fna
RL|S1|C6410	output/vamb_depth/bins/478.fna
RL|S1|C5839	output/vamb_depth/bins/478.fna
RL|S1|C14125	output/vamb_depth/bins/478.fna
RL|S1|C7030	output/vamb_depth/bins/478.fna
RL|S1|C13372	output/vamb_depth/bins/478.fna
RL|S1|C10597	output/vamb_depth/bins/478.fna
RL|S1|C17794	output/vamb_depth/bins/478.fna
RL|S1|C2966	output/vamb_depth/bins/478.fna
RL|S1|C14190	output/vamb_depth/bins/478.fna
RL|S1|C14761	output/vamb_depth/bins/478.fna
RL|S1|C18204	output/vamb_depth/bins/478.fna
RL|S1|C15894	output/vamb_depth/bins/478.fna
RL|S1|C18820	output/vamb_depth/bins/478.fna
RL|S1|C13498	output/vamb_depth/bins/478.fna
RL|S1|C4283	output/vamb_depth/bins/478.fna
RL|S1|C4467	output/vamb_depth/bins/478.fna
RL|S1|C3361	output/vamb_depth/bins/478.fna
RL|S1|C4205	output/vamb_depth/bins/478.fna
RL|S1|C4497	output/vamb_depth/bins/478.fna
RL|S1|C12990	output/vamb_depth/bins/478.fna
RL|S1|C14332	output/vamb_depth/bins/478.fna
RL|S1|C26	output/vamb_depth/bins/478.fna
RL|S1|C8968	output/vamb_depth/bins/478.fna
RL|S1|C11548	output/vamb_depth/bins/478.fna
RL|S1|C9719	output/vamb_depth/bins/4794.fna
RL|S1|C8448	output/vamb_depth/bins/4902.fna
RL|S1|C10909	output/vamb_depth/bins/4985.fna
RL|S1|C6814	output/vamb_depth/bins/5.fna
RL|S1|C7474	output/vamb_depth/bins/5.fna
RL|S1|C13546	output/vamb_depth/bins/5.fna
RL|S1|C4627	output/vamb_depth/bins/5.fna
RL|S1|C8023	output/vamb_depth/bins/5.fna
RL|S1|C4420	output/vamb_depth/bins/5.fna
RL|S1|C7050	output/vamb_depth/bins/5.fna
RL|S1|C1203	output/vamb_depth/bins/5.fna
RL|S1|C17254	output/vamb_depth/bins/5.fna
RL|S1|C16829	output/vamb_depth/bins/5.fna
RL|S1|C12698	output/vamb_depth/bins/5.fna
RL|S1|C17063	output/vamb_depth/bins/5.fna
RL|S1|C17673	output/vamb_depth/bins/5.fna
RL|S1|C8576	output/vamb_depth/bins/5.fna
RL|S1|C4500	output/vamb_depth/bins/5.fna
RL|S1|C748	output/vamb_depth/bins/5.fna
RL|S1|C16600	output/vamb_depth/bins/5.fna
RL|S1|C702	output/vamb_depth/bins/5.fna
RL|S1|C10436	output/vamb_depth/bins/5.fna
RL|S1|C18596	output/vamb_depth/bins/5.fna
RL|S1|C14808	output/vamb_depth/bins/5.fna
RL|S1|C9671	output/vamb_depth/bins/5.fna
RL|S1|C1501	output/vamb_depth/bins/5.fna
RL|S1|C14115	output/vamb_depth/bins/5.fna
RL|S1|C13139	output/vamb_depth/bins/5.fna
RL|S1|C15238	output/vamb_depth/bins/5.fna
RL|S1|C5284	output/vamb_depth/bins/5.fna
RL|S1|C7390	output/vamb_depth/bins/5.fna
RL|S1|C7565	output/vamb_depth/bins/5.fna
RL|S1|C9347	output/vamb_depth/bins/5.fna
RL|S1|C2013	output/vamb_depth/bins/5.fna
RL|S1|C12612	output/vamb_depth/bins/5.fna
RL|S1|C8674	output/vamb_depth/bins/5.fna
RL|S1|C7899	output/vamb_depth/bins/5.fna
RL|S1|C10560	output/vamb_depth/bins/5.fna
RL|S1|C17586	output/vamb_depth/bins/5.fna
RL|S1|C10438	output/vamb_depth/bins/5.fna
RL|S1|C6571	output/vamb_depth/bins/5.fna
RL|S1|C9605	output/vamb_depth/bins/5.fna
RL|S1|C11115	output/vamb_depth/bins/5.fna
RL|S1|C1037	output/vamb_depth/bins/5.fna
RL|S1|C4841	output/vamb_depth/bins/5.fna
RL|S1|C7010	output/vamb_depth/bins/5.fna
RL|S1|C12411	output/vamb_depth/bins/5.fna
RL|S1|C18807	output/vamb_depth/bins/5.fna
RL|S1|C254	output/vamb_depth/bins/5.fna
RL|S1|C6305	output/vamb_depth/bins/5.fna
RL|S1|C19025	output/vamb_depth/bins/5.fna
RL|S1|C8001	output/vamb_depth/bins/5.fna
RL|S1|C18863	output/vamb_depth/bins/5.fna
RL|S1|C13979	output/vamb_depth/bins/5.fna
RL|S1|C4203	output/vamb_depth/bins/5.fna
RL|S1|C60	output/vamb_depth/bins/5.fna
RL|S1|C10727	output/vamb_depth/bins/5.fna
RL|S1|C14507	output/vamb_depth/bins/5.fna
RL|S1|C4791	output/vamb_depth/bins/5.fna
RL|S1|C18028	output/vamb_depth/bins/5.fna
RL|S1|C2394	output/vamb_depth/bins/5.fna
RL|S1|C8602	output/vamb_depth/bins/5.fna
RL|S1|C10374	output/vamb_depth/bins/5.fna
RL|S1|C3049	output/vamb_depth/bins/5.fna
RL|S1|C14989	output/vamb_depth/bins/5.fna
RL|S1|C9292	output/vamb_depth/bins/5.fna
RL|S1|C13013	output/vamb_depth/bins/5.fna
RL|S1|C1688	output/vamb_depth/bins/5.fna
RL|S1|C2878	output/vamb_depth/bins/5.fna
RL|S1|C1928	output/vamb_depth/bins/5.fna
RL|S1|C5063	output/vamb_depth/bins/5.fna
RL|S1|C7260	output/vamb_depth/bins/5.fna
RL|S1|C2337	output/vamb_depth/bins/5.fna
RL|S1|C11197	output/vamb_depth/bins/5011.fna
RL|S1|C5256	output/vamb_depth/bins/5055.fna
RL|S1|C2796	output/vamb_depth/bins/5131.fna
RL|S1|C8400	output/vamb_depth/bins/5303.fna
RL|S1|C3923	output/vamb_depth/bins/5327.fna
RL|S1|C15828	output/vamb_depth/bins/5462.fna
RL|S1|C11505	output/vamb_depth/bins/558.fna
RL|S1|C17838	output/vamb_depth/bins/5669.fna
RL|S1|C7749	output/vamb_depth/bins/5786.fna
RL|S1|C2948	output/vamb_depth/bins/5834.fna
RL|S1|C16565	output/vamb_depth/bins/5945.fna
RL|S1|C12737	output/vamb_depth/bins/5983.fna
RL|S1|C1239	output/vamb_depth/bins/6120.fna
RL|S1|C435	output/vamb_depth/bins/6120.fna
RL|S1|C3168	output/vamb_depth/bins/6183.fna
RL|S1|C13821	output/vamb_depth/bins/6437.fna
RL|S1|C13641	output/vamb_depth/bins/6471.fna
RL|S1|C15265	output/vamb_depth/bins/649.fna
RL|S1|C16557	output/vamb_depth/bins/6606.fna
RL|S1|C5431	output/vamb_depth/bins/6847.fna
RL|S1|C2083	output/vamb_depth/bins/6965.fna
RL|S1|C4148	output/vamb_depth/bins/7040.fna
RL|S1|C11289	output/vamb_depth/bins/709.fna
RL|S1|C17832	output/vamb_depth/bins/7182.fna
RL|S1|C14381	output/vamb_depth/bins/7182.fna
RL|S1|C1481	output/vamb_depth/bins/7219.fna
RL|S1|C16804	output/vamb_depth/bins/7242.fna
RL|S1|C6883	output/vamb_depth/bins/7244.fna
RL|S1|C4438	output/vamb_depth/bins/7395.fna
RL|S1|C288	output/vamb_depth/bins/7474.fna
RL|S1|C3786	output/vamb_depth/bins/7629.fna
RL|S1|C11075	output/vamb_depth/bins/767.fna
RL|S1|C6239	output/vamb_depth/bins/767.fna
RL|S1|C16691	output/vamb_depth/bins/767.fna
RL|S1|C17597	output/vamb_depth/bins/767.fna
RL|S1|C11179	output/vamb_depth/bins/767.fna
RL|S1|C12916	output/vamb_depth/bins/767.fna
RL|S1|C7146	output/vamb_depth/bins/7700.fna
RL|S1|C1857	output/vamb_depth/bins/7700.fna
RL|S1|C5486	output/vamb_depth/bins/7700.fna
RL|S1|C1383	output/vamb_depth/bins/7700.fna
RL|S1|C12199	output/vamb_depth/bins/7700.fna
RL|S1|C2561	output/vamb_depth/bins/7700.fna
RL|S1|C464	output/vamb_depth/bins/7700.fna
RL|S1|C4461	output/vamb_depth/bins/7700.fna
RL|S1|C2494	output/vamb_depth/bins/7700.fna
RL|S1|C17378	output/vamb_depth/bins/7700.fna
RL|S1|C7406	output/vamb_depth/bins/7700.fna
RL|S1|C17065	output/vamb_depth/bins/7700.fna
RL|S1|C6537	output/vamb_depth/bins/7700.fna
RL|S1|C12777	output/vamb_depth/bins/7700.fna
RL|S1|C1330	output/vamb_depth/bins/7700.fna
RL|S1|C6285	output/vamb_depth/bins/7700.fna
RL|S1|C18188	output/vamb_depth/bins/7700.fna
RL|S1|C3408	output/vamb_depth/bins/7700.fna
RL|S1|C9109	output/vamb_depth/bins/7700.fna
RL|S1|C5136	output/vamb_depth/bins/7700.fna
RL|S1|C15597	output/vamb_depth/bins/7700.fna
RL|S1|C8412	output/vamb_depth/bins/7700.fna
RL|S1|C17549	output/vamb_depth/bins/7700.fna
RL|S1|C15994	output/vamb_depth/bins/7700.fna
RL|S1|C17934	output/vamb_depth/bins/7700.fna
RL|S1|C15290	output/vamb_depth/bins/7700.fna
RL|S1|C8419	output/vamb_depth/bins/7700.fna
RL|S1|C1646	output/vamb_depth/bins/7700.fna
RL|S1|C11751	output/vamb_depth/bins/7700.fna
RL|S1|C9427	output/vamb_depth/bins/7700.fna
RL|S1|C13439	output/vamb_depth/bins/7700.fna
RL|S1|C15081	output/vamb_depth/bins/7700.fna
RL|S1|C16134	output/vamb_depth/bins/7700.fna
RL|S1|C7740	output/vamb_depth/bins/7700.fna
RL|S1|C8045	output/vamb_depth/bins/7700.fna
RL|S1|C6694	output/vamb_depth/bins/7700.fna
RL|S1|C12486	output/vamb_depth/bins/7700.fna
RL|S1|C6610	output/vamb_depth/bins/7700.fna
RL|S1|C18176	output/vamb_depth/bins/7700.fna
RL|S1|C12785	output/vamb_depth/bins/7700.fna
RL|S1|C3555	output/vamb_depth/bins/7700.fna
RL|S1|C11170	output/vamb_depth/bins/7700.fna
RL|S1|C18249	output/vamb_depth/bins/7700.fna
RL|S1|C10154	output/vamb_depth/bins/7700.fna
RL|S1|C13494	output/vamb_depth/bins/7700.fna
RL|S1|C16166	output/vamb_depth/bins/7700.fna
RL|S1|C13514	output/vamb_depth/bins/7700.fna
RL|S1|C9328	output/vamb_depth/bins/7700.fna
RL|S1|C8520	output/vamb_depth/bins/7700.fna
RL|S1|C7514	output/vamb_depth/bins/7700.fna
RL|S1|C16383	output/vamb_depth/bins/7700.fna
RL|S1|C280	output/vamb_depth/bins/7700.fna
RL|S1|C9402	output/vamb_depth/bins/7700.fna
RL|S1|C1495	output/vamb_depth/bins/7700.fna
RL|S1|C5703	output/vamb_depth/bins/7700.fna
RL|S1|C15126	output/vamb_depth/bins/7700.fna
RL|S1|C4835	output/vamb_depth/bins/7700.fna
RL|S1|C13540	output/vamb_depth/bins/7700.fna
RL|S1|C7786	output/vamb_depth/bins/7700.fna
RL|S1|C7246	output/vamb_depth/bins/7700.fna
RL|S1|C14847	output/vamb_depth/bins/7700.fna
RL|S1|C1963	output/vamb_depth/bins/7700.fna
RL|S1|C16725	output/vamb_depth/bins/7700.fna
RL|S1|C19474	output/vamb_depth/bins/7700.fna
RL|S1|C18241	output/vamb_depth/bins/7700.fna
RL|S1|C8862	output/vamb_depth/bins/7700.fna
RL|S1|C8217	output/vamb_depth/bins/7700.fna
RL|S1|C4306	output/vamb_depth/bins/7700.fna
RL|S1|C9649	output/vamb_depth/bins/7700.fna
RL|S1|C14278	output/vamb_depth/bins/7700.fna
RL|S1|C19161	output/vamb_depth/bins/7700.fna
RL|S1|C3883	output/vamb_depth/bins/7700.fna
RL|S1|C939	output/vamb_depth/bins/7700.fna
RL|S1|C6878	output/vamb_depth/bins/7700.fna
RL|S1|C3071	output/vamb_depth/bins/7700.fna
RL|S1|C10298	output/vamb_depth/bins/7700.fna
RL|S1|C13940	output/vamb_depth/bins/7700.fna
RL|S1|C7791	output/vamb_depth/bins/7700.fna
RL|S1|C17193	output/vamb_depth/bins/7700.fna
RL|S1|C725	output/vamb_depth/bins/7700.fna
RL|S1|C5736	output/vamb_depth/bins/7700.fna
RL|S1|C6312	output/vamb_depth/bins/7700.fna
RL|S1|C14876	output/vamb_depth/bins/7700.fna
RL|S1|C16162	output/vamb_depth/bins/7700.fna
RL|S1|C17031	output/vamb_depth/bins/7700.fna
RL|S1|C15156	output/vamb_depth/bins/7700.fna
RL|S1|C15589	output/vamb_depth/bins/7700.fna
RL|S1|C8131	output/vamb_depth/bins/7700.fna
RL|S1|C6945	output/vamb_depth/bins/7700.fna
RL|S1|C7325	output/vamb_depth/bins/7700.fna
RL|S1|C12656	output/vamb_depth/bins/7700.fna
RL|S1|C3688	output/vamb_depth/bins/7700.fna
RL|S1|C14766	output/vamb_depth/bins/7700.fna
RL|S1|C4084	output/vamb_depth/bins/7700.fna
RL|S1|C18732	output/vamb_depth/bins/7700.fna
RL|S1|C7387	output/vamb_depth/bins/7700.fna
RL|S1|C4847	output/vamb_depth/bins/7700.fna
RL|S1|C3752	output/vamb_depth/bins/7700.fna
RL|S1|C7693	output/vamb_depth/bins/7700.fna
RL|S1|C620	output/vamb_depth/bins/7700.fna
RL|S1|C1949	output/vamb_depth/bins/7700.fna
RL|S1|C19114	output/vamb_depth/bins/7700.fna
RL|S1|C19111	output/vamb_depth/bins/7700.fna
RL|S1|C4124	output/vamb_depth/bins/7700.fna
RL|S1|C12207	output/vamb_depth/bins/7700.fna
RL|S1|C8713	output/vamb_depth/bins/7700.fna
RL|S1|C19112	output/vamb_depth/bins/7700.fna
RL|S1|C10091	output/vamb_depth/bins/7700.fna
RL|S1|C10277	output/vamb_depth/bins/7700.fna
RL|S1|C10961	output/vamb_depth/bins/7700.fna
RL|S1|C6479	output/vamb_depth/bins/7700.fna
RL|S1|C3362	output/vamb_depth/bins/7700.fna
RL|S1|C10032	output/vamb_depth/bins/7700.fna
RL|S1|C13447	output/vamb_depth/bins/7700.fna
RL|S1|C10424	output/vamb_depth/bins/7700.fna
RL|S1|C9545	output/vamb_depth/bins/7700.fna
RL|S1|C6432	output/vamb_depth/bins/7700.fna
RL|S1|C19291	output/vamb_depth/bins/7700.fna
RL|S1|C5377	output/vamb_depth/bins/7700.fna
RL|S1|C10730	output/vamb_depth/bins/7700.fna
RL|S1|C9012	output/vamb_depth/bins/7700.fna
RL|S1|C18960	output/vamb_depth/bins/7700.fna
RL|S1|C8699	output/vamb_depth/bins/7700.fna
RL|S1|C13784	output/vamb_depth/bins/7700.fna
RL|S1|C4522	output/vamb_depth/bins/7700.fna
RL|S1|C18607	output/vamb_depth/bins/7700.fna
RL|S1|C7882	output/vamb_depth/bins/7700.fna
RL|S1|C1200	output/vamb_depth/bins/7700.fna
RL|S1|C18812	output/vamb_depth/bins/7700.fna
RL|S1|C1912	output/vamb_depth/bins/7700.fna
RL|S1|C18640	output/vamb_depth/bins/7700.fna
RL|S1|C10938	output/vamb_depth/bins/7700.fna
RL|S1|C13295	output/vamb_depth/bins/7700.fna
RL|S1|C18771	output/vamb_depth/bins/7700.fna
RL|S1|C18143	output/vamb_depth/bins/7700.fna
RL|S1|C7331	output/vamb_depth/bins/7700.fna
RL|S1|C7196	output/vamb_depth/bins/7700.fna
RL|S1|C6163	output/vamb_depth/bins/7700.fna
RL|S1|C14811	output/vamb_depth/bins/7700.fna
RL|S1|C1056	output/vamb_depth/bins/7700.fna
RL|S1|C19012	output/vamb_depth/bins/7700.fna
RL|S1|C4037	output/vamb_depth/bins/7700.fna
RL|S1|C18323	output/vamb_depth/bins/7700.fna
RL|S1|C7752	output/vamb_depth/bins/7700.fna
RL|S1|C172	output/vamb_depth/bins/7700.fna
RL|S1|C2381	output/vamb_depth/bins/7700.fna
RL|S1|C9184	output/vamb_depth/bins/7733.fna
RL|S1|C8047	output/vamb_depth/bins/7736.fna
RL|S1|C13037	output/vamb_depth/bins/7736.fna
RL|S1|C12485	output/vamb_depth/bins/7736.fna
RL|S1|C7284	output/vamb_depth/bins/7736.fna
RL|S1|C6817	output/vamb_depth/bins/7736.fna
RL|S1|C2128	output/vamb_depth/bins/7736.fna
RL|S1|C14196	output/vamb_depth/bins/7736.fna
RL|S1|C2592	output/vamb_depth/bins/7736.fna
RL|S1|C137	output/vamb_depth/bins/7736.fna
RL|S1|C9457	output/vamb_depth/bins/7736.fna
RL|S1|C7796	output/vamb_depth/bins/7736.fna
RL|S1|C6436	output/vamb_depth/bins/7736.fna
RL|S1|C4462	output/vamb_depth/bins/7736.fna
RL|S1|C14685	output/vamb_depth/bins/7736.fna
RL|S1|C8304	output/vamb_depth/bins/7736.fna
RL|S1|C18201	output/vamb_depth/bins/7736.fna
RL|S1|C5427	output/vamb_depth/bins/7736.fna
RL|S1|C12962	output/vamb_depth/bins/7736.fna
RL|S1|C11190	output/vamb_depth/bins/7736.fna
RL|S1|C14493	output/vamb_depth/bins/7736.fna
RL|S1|C9505	output/vamb_depth/bins/7736.fna
RL|S1|C10056	output/vamb_depth/bins/7736.fna
RL|S1|C11890	output/vamb_depth/bins/7736.fna
RL|S1|C1143	output/vamb_depth/bins/7736.fna
RL|S1|C3695	output/vamb_depth/bins/7736.fna
RL|S1|C12641	output/vamb_depth/bins/7736.fna
RL|S1|C8907	output/vamb_depth/bins/7736.fna
RL|S1|C12356	output/vamb_depth/bins/7736.fna
RL|S1|C15843	output/vamb_depth/bins/7736.fna
RL|S1|C16021	output/vamb_depth/bins/7736.fna
RL|S1|C11059	output/vamb_depth/bins/7736.fna
RL|S1|C7773	output/vamb_depth/bins/7736.fna
RL|S1|C7343	output/vamb_depth/bins/7736.fna
RL|S1|C6444	output/vamb_depth/bins/7736.fna
RL|S1|C17316	output/vamb_depth/bins/7736.fna
RL|S1|C1741	output/vamb_depth/bins/7736.fna
RL|S1|C15645	output/vamb_depth/bins/7736.fna
RL|S1|C16257	output/vamb_depth/bins/7736.fna
RL|S1|C15364	output/vamb_depth/bins/7736.fna
RL|S1|C7892	output/vamb_depth/bins/7736.fna
RL|S1|C10677	output/vamb_depth/bins/7736.fna
RL|S1|C10059	output/vamb_depth/bins/7736.fna
RL|S1|C4636	output/vamb_depth/bins/7736.fna
RL|S1|C13938	output/vamb_depth/bins/7736.fna
RL|S1|C6166	output/vamb_depth/bins/7736.fna
RL|S1|C15085	output/vamb_depth/bins/7736.fna
RL|S1|C18219	output/vamb_depth/bins/7736.fna
RL|S1|C8413	output/vamb_depth/bins/7736.fna
RL|S1|C18474	output/vamb_depth/bins/7736.fna
RL|S1|C7898	output/vamb_depth/bins/7736.fna
RL|S1|C19364	output/vamb_depth/bins/7736.fna
RL|S1|C14457	output/vamb_depth/bins/7736.fna
RL|S1|C11472	output/vamb_depth/bins/7736.fna
RL|S1|C2570	output/vamb_depth/bins/7736.fna
RL|S1|C6572	output/vamb_depth/bins/7736.fna
RL|S1|C5138	output/vamb_depth/bins/7736.fna
RL|S1|C256	output/vamb_depth/bins/7736.fna
RL|S1|C10322	output/vamb_depth/bins/7736.fna
RL|S1|C7815	output/vamb_depth/bins/7736.fna
RL|S1|C3117	output/vamb_depth/bins/7736.fna
RL|S1|C14875	output/vamb_depth/bins/7736.fna
RL|S1|C16762	output/vamb_depth/bins/7736.fna
RL|S1|C4877	output/vamb_depth/bins/7736.fna
RL|S1|C8666	output/vamb_depth/bins/7736.fna
RL|S1|C11256	output/vamb_depth/bins/7736.fna
RL|S1|C5290	output/vamb_depth/bins/7736.fna
RL|S1|C10840	output/vamb_depth/bins/7736.fna
RL|S1|C14123	output/vamb_depth/bins/7736.fna
RL|S1|C16934	output/vamb_depth/bins/7736.fna
RL|S1|C12134	output/vamb_depth/bins/7736.fna
RL|S1|C17417	output/vamb_depth/bins/7736.fna
RL|S1|C9639	output/vamb_depth/bins/7736.fna
RL|S1|C2661	output/vamb_depth/bins/7736.fna
RL|S1|C10680	output/vamb_depth/bins/7736.fna
RL|S1|C2360	output/vamb_depth/bins/7736.fna
RL|S1|C11935	output/vamb_depth/bins/7736.fna
RL|S1|C4561	output/vamb_depth/bins/7736.fna
RL|S1|C10360	output/vamb_depth/bins/7736.fna
RL|S1|C11138	output/vamb_depth/bins/7736.fna
RL|S1|C6217	output/vamb_depth/bins/7736.fna
RL|S1|C15169	output/vamb_depth/bins/7736.fna
RL|S1|C8880	output/vamb_depth/bins/7736.fna
RL|S1|C18384	output/vamb_depth/bins/7736.fna
RL|S1|C2988	output/vamb_depth/bins/7736.fna
RL|S1|C4400	output/vamb_depth/bins/7736.fna
RL|S1|C18629	output/vamb_depth/bins/7736.fna
RL|S1|C6334	output/vamb_depth/bins/7736.fna
RL|S1|C2655	output/vamb_depth/bins/7736.fna
RL|S1|C4006	output/vamb_depth/bins/7736.fna
RL|S1|C7535	output/vamb_depth/bins/7736.fna
RL|S1|C9021	output/vamb_depth/bins/7736.fna
RL|S1|C16220	output/vamb_depth/bins/7736.fna
RL|S1|C13337	output/vamb_depth/bins/7736.fna
RL|S1|C5586	output/vamb_depth/bins/7736.fna
RL|S1|C4412	output/vamb_depth/bins/7736.fna
RL|S1|C19146	output/vamb_depth/bins/7736.fna
RL|S1|C7594	output/vamb_depth/bins/7736.fna
RL|S1|C2433	output/vamb_depth/bins/7736.fna
RL|S1|C16792	output/vamb_depth/bins/7736.fna
RL|S1|C13072	output/vamb_depth/bins/7736.fna
RL|S1|C5988	output/vamb_depth/bins/7736.fna
RL|S1|C1900	output/vamb_depth/bins/7736.fna
RL|S1|C19139	output/vamb_depth/bins/7736.fna
RL|S1|C13670	output/vamb_depth/bins/7736.fna
RL|S1|C12307	output/vamb_depth/bins/7736.fna
RL|S1|C81	output/vamb_depth/bins/7736.fna
RL|S1|C9557	output/vamb_depth/bins/7736.fna
RL|S1|C4109	output/vamb_depth/bins/7736.fna
RL|S1|C109	output/vamb_depth/bins/7736.fna
RL|S1|C5704	output/vamb_depth/bins/7736.fna
RL|S1|C6275	output/vamb_depth/bins/7736.fna
RL|S1|C12738	output/vamb_depth/bins/7736.fna
RL|S1|C1871	output/vamb_depth/bins/7736.fna
RL|S1|C12329	output/vamb_depth/bins/7736.fna
RL|S1|C778	output/vamb_depth/bins/7736.fna
RL|S1|C4803	output/vamb_depth/bins/7736.fna
RL|S1|C15997	output/vamb_depth/bins/7771.fna
RL|S1|C11384	output/vamb_depth/bins/7771.fna
RL|S1|C17859	output/vamb_depth/bins/7771.fna
RL|S1|C10719	output/vamb_depth/bins/7771.fna
RL|S1|C10824	output/vamb_depth/bins/7771.fna
RL|S1|C17050	output/vamb_depth/bins/7771.fna
RL|S1|C2034	output/vamb_depth/bins/7771.fna
RL|S1|C9857	output/vamb_depth/bins/7771.fna
RL|S1|C3416	output/vamb_depth/bins/7771.fna
RL|S1|C5861	output/vamb_depth/bins/7771.fna
RL|S1|C9892	output/vamb_depth/bins/7771.fna
RL|S1|C8318	output/vamb_depth/bins/7771.fna
RL|S1|C10528	output/vamb_depth/bins/7771.fna
RL|S1|C16218	output/vamb_depth/bins/7771.fna
RL|S1|C1141	output/vamb_depth/bins/7771.fna
RL|S1|C8348	output/vamb_depth/bins/7771.fna
RL|S1|C992	output/vamb_depth/bins/7771.fna
RL|S1|C2093	output/vamb_depth/bins/7771.fna
RL|S1|C7298	output/vamb_depth/bins/7771.fna
RL|S1|C350	output/vamb_depth/bins/7771.fna
RL|S1|C14158	output/vamb_depth/bins/7771.fna
RL|S1|C13802	output/vamb_depth/bins/7771.fna
RL|S1|C12027	output/vamb_depth/bins/7771.fna
RL|S1|C10413	output/vamb_depth/bins/7771.fna
RL|S1|C11024	output/vamb_depth/bins/7771.fna
RL|S1|C5185	output/vamb_depth/bins/7771.fna
RL|S1|C10311	output/vamb_depth/bins/7771.fna
RL|S1|C19210	output/vamb_depth/bins/7771.fna
RL|S1|C4277	output/vamb_depth/bins/7771.fna
RL|S1|C15309	output/vamb_depth/bins/7771.fna
RL|S1|C19071	output/vamb_depth/bins/7771.fna
RL|S1|C17704	output/vamb_depth/bins/7771.fna
RL|S1|C9659	output/vamb_depth/bins/7771.fna
RL|S1|C2103	output/vamb_depth/bins/7771.fna
RL|S1|C18673	output/vamb_depth/bins/7771.fna
RL|S1|C13856	output/vamb_depth/bins/7771.fna
RL|S1|C18865	output/vamb_depth/bins/7771.fna
RL|S1|C1484	output/vamb_depth/bins/7771.fna
RL|S1|C11925	output/vamb_depth/bins/7771.fna
RL|S1|C13672	output/vamb_depth/bins/7771.fna
RL|S1|C6308	output/vamb_depth/bins/7771.fna
RL|S1|C3429	output/vamb_depth/bins/7771.fna
RL|S1|C8342	output/vamb_depth/bins/7771.fna
RL|S1|C13922	output/vamb_depth/bins/7771.fna
RL|S1|C3905	output/vamb_depth/bins/7771.fna
RL|S1|C9011	output/vamb_depth/bins/7771.fna
RL|S1|C7479	output/vamb_depth/bins/7771.fna
RL|S1|C5201	output/vamb_depth/bins/7771.fna
RL|S1|C4883	output/vamb_depth/bins/7771.fna
RL|S1|C15767	output/vamb_depth/bins/7771.fna
RL|S1|C2012	output/vamb_depth/bins/7771.fna
RL|S1|C4290	output/vamb_depth/bins/7771.fna
RL|S1|C19359	output/vamb_depth/bins/7771.fna
RL|S1|C8165	output/vamb_depth/bins/7771.fna
RL|S1|C4854	output/vamb_depth/bins/7771.fna
RL|S1|C2023	output/vamb_depth/bins/7771.fna
RL|S1|C11036	output/vamb_depth/bins/7771.fna
RL|S1|C12060	output/vamb_depth/bins/7771.fna
RL|S1|C8723	output/vamb_depth/bins/7771.fna
RL|S1|C7306	output/vamb_depth/bins/7771.fna
RL|S1|C4663	output/vamb_depth/bins/7771.fna
RL|S1|C5676	output/vamb_depth/bins/7771.fna
RL|S1|C8648	output/vamb_depth/bins/7771.fna
RL|S1|C2035	output/vamb_depth/bins/7771.fna
RL|S1|C16849	output/vamb_depth/bins/7771.fna
RL|S1|C1188	output/vamb_depth/bins/7771.fna
RL|S1|C5525	output/vamb_depth/bins/7771.fna
RL|S1|C11204	output/vamb_depth/bins/7794.fna
RL|S1|C894	output/vamb_depth/bins/7794.fna
RL|S1|C16612	output/vamb_depth/bins/7794.fna
RL|S1|C293	output/vamb_depth/bins/7794.fna
RL|S1|C18645	output/vamb_depth/bins/7794.fna
RL|S1|C17003	output/vamb_depth/bins/7794.fna
RL|S1|C5028	output/vamb_depth/bins/7794.fna
RL|S1|C5418	output/vamb_depth/bins/7794.fna
RL|S1|C8300	output/vamb_depth/bins/7794.fna
RL|S1|C13375	output/vamb_depth/bins/7794.fna
RL|S1|C3575	output/vamb_depth/bins/7794.fna
RL|S1|C7563	output/vamb_depth/bins/7794.fna
RL|S1|C16227	output/vamb_depth/bins/7794.fna
RL|S1|C13319	output/vamb_depth/bins/7794.fna
RL|S1|C14213	output/vamb_depth/bins/7794.fna
RL|S1|C9837	output/vamb_depth/bins/7794.fna
RL|S1|C16884	output/vamb_depth/bins/7794.fna
RL|S1|C1088	output/vamb_depth/bins/7794.fna
RL|S1|C14842	output/vamb_depth/bins/7794.fna
RL|S1|C9240	output/vamb_depth/bins/7794.fna
RL|S1|C9619	output/vamb_depth/bins/7794.fna
RL|S1|C10083	output/vamb_depth/bins/7794.fna
RL|S1|C6090	output/vamb_depth/bins/7794.fna
RL|S1|C8977	output/vamb_depth/bins/7794.fna
RL|S1|C11210	output/vamb_depth/bins/7794.fna
RL|S1|C16292	output/vamb_depth/bins/7794.fna
RL|S1|C11820	output/vamb_depth/bins/7794.fna
RL|S1|C12397	output/vamb_depth/bins/7794.fna
RL|S1|C237	output/vamb_depth/bins/7794.fna
RL|S1|C16403	output/vamb_depth/bins/7794.fna
RL|S1|C2005	output/vamb_depth/bins/7794.fna
RL|S1|C5261	output/vamb_depth/bins/7794.fna
RL|S1|C6013	output/vamb_depth/bins/7794.fna
RL|S1|C14302	output/vamb_depth/bins/7794.fna
RL|S1|C16736	output/vamb_depth/bins/7794.fna
RL|S1|C11637	output/vamb_depth/bins/7794.fna
RL|S1|C10303	output/vamb_depth/bins/7794.fna
RL|S1|C11979	output/vamb_depth/bins/7794.fna
RL|S1|C15534	output/vamb_depth/bins/7794.fna
RL|S1|C2662	output/vamb_depth/bins/7794.fna
RL|S1|C15014	output/vamb_depth/bins/7794.fna
RL|S1|C18215	output/vamb_depth/bins/7794.fna
RL|S1|C4782	output/vamb_depth/bins/7794.fna
RL|S1|C15401	output/vamb_depth/bins/7794.fna
RL|S1|C2219	output/vamb_depth/bins/7794.fna
RL|S1|C5386	output/vamb_depth/bins/7794.fna
RL|S1|C8427	output/vamb_depth/bins/7794.fna
RL|S1|C12696	output/vamb_depth/bins/7794.fna
RL|S1|C6161	output/vamb_depth/bins/7794.fna
RL|S1|C18195	output/vamb_depth/bins/7794.fna
RL|S1|C1820	output/vamb_depth/bins/7794.fna
RL|S1|C4818	output/vamb_depth/bins/7794.fna
RL|S1|C4352	output/vamb_depth/bins/7794.fna
RL|S1|C4002	output/vamb_depth/bins/7794.fna
RL|S1|C14224	output/vamb_depth/bins/7794.fna
RL|S1|C1633	output/vamb_depth/bins/7794.fna
RL|S1|C19292	output/vamb_depth/bins/7794.fna
RL|S1|C14912	output/vamb_depth/bins/7794.fna
RL|S1|C15316	output/vamb_depth/bins/7794.fna
RL|S1|C8210	output/vamb_depth/bins/7794.fna
RL|S1|C4879	output/vamb_depth/bins/7844.fna
RL|S1|C19396	output/vamb_depth/bins/7847.fna
RL|S1|C10981	output/vamb_depth/bins/7902.fna
RL|S1|C14357	output/vamb_depth/bins/7902.fna
RL|S1|C1615	output/vamb_depth/bins/7902.fna
RL|S1|C11134	output/vamb_depth/bins/7902.fna
RL|S1|C18458	output/vamb_depth/bins/7902.fna
RL|S1|C10489	output/vamb_depth/bins/7902.fna
RL|S1|C9661	output/vamb_depth/bins/7902.fna
RL|S1|C14805	output/vamb_depth/bins/7902.fna
RL|S1|C16863	output/vamb_depth/bins/7902.fna
RL|S1|C998	output/vamb_depth/bins/7902.fna
RL|S1|C18782	output/vamb_depth/bins/7902.fna
RL|S1|C3149	output/vamb_depth/bins/7902.fna
RL|S1|C858	output/vamb_depth/bins/7902.fna
RL|S1|C2727	output/vamb_depth/bins/7902.fna
RL|S1|C3709	output/vamb_depth/bins/7902.fna
RL|S1|C11143	output/vamb_depth/bins/7902.fna
RL|S1|C380	output/vamb_depth/bins/7902.fna
RL|S1|C10463	output/vamb_depth/bins/7902.fna
RL|S1|C12960	output/vamb_depth/bins/7902.fna
RL|S1|C5590	output/vamb_depth/bins/7902.fna
RL|S1|C12883	output/vamb_depth/bins/7902.fna
RL|S1|C18956	output/vamb_depth/bins/7902.fna
RL|S1|C9877	output/vamb_depth/bins/7902.fna
RL|S1|C17919	output/vamb_depth/bins/7902.fna
RL|S1|C9194	output/vamb_depth/bins/7902.fna
RL|S1|C5941	output/vamb_depth/bins/7902.fna
RL|S1|C14976	output/vamb_depth/bins/7902.fna
RL|S1|C9925	output/vamb_depth/bins/7902.fna
RL|S1|C3096	output/vamb_depth/bins/7902.fna
RL|S1|C7737	output/vamb_depth/bins/7902.fna
RL|S1|C11997	output/vamb_depth/bins/7902.fna
RL|S1|C10636	output/vamb_depth/bins/7902.fna
RL|S1|C11933	output/vamb_depth/bins/7902.fna
RL|S1|C13195	output/vamb_depth/bins/7902.fna
RL|S1|C6931	output/vamb_depth/bins/7902.fna
RL|S1|C7218	output/vamb_depth/bins/7902.fna
RL|S1|C5633	output/vamb_depth/bins/7902.fna
RL|S1|C14947	output/vamb_depth/bins/7902.fna
RL|S1|C17972	output/vamb_depth/bins/7902.fna
RL|S1|C3546	output/vamb_depth/bins/7902.fna
RL|S1|C16193	output/vamb_depth/bins/7902.fna
RL|S1|C9801	output/vamb_depth/bins/7902.fna
RL|S1|C3680	output/vamb_depth/bins/7902.fna
RL|S1|C9355	output/vamb_depth/bins/7902.fna
RL|S1|C1114	output/vamb_depth/bins/7902.fna
RL|S1|C12887	output/vamb_depth/bins/7902.fna
RL|S1|C18069	output/vamb_depth/bins/7902.fna
RL|S1|C3266	output/vamb_depth/bins/7902.fna
RL|S1|C2259	output/vamb_depth/bins/7902.fna
RL|S1|C5514	output/vamb_depth/bins/7902.fna
RL|S1|C2591	output/vamb_depth/bins/7902.fna
RL|S1|C8682	output/vamb_depth/bins/7902.fna
RL|S1|C14968	output/vamb_depth/bins/7902.fna
RL|S1|C3008	output/vamb_depth/bins/7902.fna
RL|S1|C705	output/vamb_depth/bins/7941.fna
RL|S1|C11606	output/vamb_depth/bins/7947.fna
RL|S1|C15113	output/vamb_depth/bins/7964.fna
RL|S1|C7231	output/vamb_depth/bins/7967.fna
RL|S1|C16077	output/vamb_depth/bins/80.fna
RL|S1|C3458	output/vamb_depth/bins/8009.fna
RL|S1|C6541	output/vamb_depth/bins/8066.fna
RL|S1|C2751	output/vamb_depth/bins/8115.fna
RL|S1|C11515	output/vamb_depth/bins/8176.fna
RL|S1|C4529	output/vamb_depth/bins/8176.fna
RL|S1|C1640	output/vamb_depth/bins/8176.fna
RL|S1|C11334	output/vamb_depth/bins/8176.fna
RL|S1|C8248	output/vamb_depth/bins/8176.fna
RL|S1|C983	output/vamb_depth/bins/8176.fna
RL|S1|C1142	output/vamb_depth/bins/8176.fna
RL|S1|C2111	output/vamb_depth/bins/8176.fna
RL|S1|C4952	output/vamb_depth/bins/8176.fna
RL|S1|C16793	output/vamb_depth/bins/8185.fna
RL|S1|C8080	output/vamb_depth/bins/8185.fna
RL|S1|C7926	output/vamb_depth/bins/8185.fna
RL|S1|C18161	output/vamb_depth/bins/8185.fna
RL|S1|C10299	output/vamb_depth/bins/8185.fna
RL|S1|C17397	output/vamb_depth/bins/8185.fna
RL|S1|C4781	output/vamb_depth/bins/8185.fna
RL|S1|C18765	output/vamb_depth/bins/8201.fna
RL|S1|C3947	output/vamb_depth/bins/8306.fna
RL|S1|C16228	output/vamb_depth/bins/8306.fna
RL|S1|C3853	output/vamb_depth/bins/8306.fna
RL|S1|C6638	output/vamb_depth/bins/8306.fna
RL|S1|C10568	output/vamb_depth/bins/8306.fna
RL|S1|C16414	output/vamb_depth/bins/8306.fna
RL|S1|C7833	output/vamb_depth/bins/8306.fna
RL|S1|C424	output/vamb_depth/bins/8306.fna
RL|S1|C9249	output/vamb_depth/bins/8306.fna
RL|S1|C2095	output/vamb_depth/bins/8306.fna
RL|S1|C16904	output/vamb_depth/bins/8346.fna
RL|S1|C8826	output/vamb_depth/bins/8369.fna
RL|S1|C9879	output/vamb_depth/bins/8369.fna
RL|S1|C17251	output/vamb_depth/bins/8369.fna
RL|S1|C1027	output/vamb_depth/bins/8369.fna
RL|S1|C15464	output/vamb_depth/bins/8369.fna
RL|S1|C13420	output/vamb_depth/bins/8369.fna
RL|S1|C15483	output/vamb_depth/bins/8369.fna
RL|S1|C8371	output/vamb_depth/bins/8414.fna
RL|S1|C7214	output/vamb_depth/bins/8853.fna
RL|S1|C15415	output/vamb_depth/bins/8897.fna
RL|S1|C2510	output/vamb_depth/bins/8912.fna
RL|S1|C2798	output/vamb_depth/bins/8964.fna
RL|S1|C19184	output/vamb_depth/bins/8968.fna
RL|S1|C2769	output/vamb_depth/bins/8968.fna
RL|S1|C14898	output/vamb_depth/bins/8968.fna
RL|S1|C5749	output/vamb_depth/bins/8968.fna
RL|S1|C341	output/vamb_depth/bins/8968.fna
RL|S1|C13232	output/vamb_depth/bins/8968.fna
RL|S1|C17278	output/vamb_depth/bins/8968.fna
RL|S1|C13156	output/vamb_depth/bins/8968.fna
RL|S1|C17999	output/vamb_depth/bins/8968.fna
RL|S1|C1069	output/vamb_depth/bins/9081.fna
RL|S1|C18272	output/vamb_depth/bins/9280.fna
RL|S1|C2397	output/vamb_depth/bins/9299.fna
RL|S1|C18042	output/vamb_depth/bins/9324.fna
RL|S1|C18609	output/vamb_depth/bins/9468.fna
RL|S1|C8556	output/vamb_depth/bins/9483.fna
RL|S1|C7295	output/vamb_depth/bins/9561.fna
RL|S1|C15985	output/vamb_depth/bins/9667.fna
RL|S1|C2532	output/vamb_depth/bins/9676.fna
RL|S1|C16004	output/vamb_depth/bins/9924.fna
